数据分类,配件类别,产品系列,物料名称,物料代码,物料描述,备注,标签,标识
配件,电源,电源适配器(圆头),ADS-26FSG-12 12024EPCN(圆头)(全球通中性),310101855,"适配器,ADS-26FSG-12 12024EPCN,国标,12V2A,Φ2.1",巴枪代码：101700736,PwDC,1
配件,电源,电源适配器,KPL-060M-VI(全球通中性),310100901,"桌面式适配器,24V2.5A,60W,1.2m,open两线",桌面式适配器，需要额外选配AC电源线,Power,
配件,电源,电源适配器线缆,交流电源线_国标_弯三插_C13_1.2米,310100840,交流电源线_国标_弯三插_C13_1.2米(中性),搭配适配器应用,Power,
配件,电源,开关电源1,LRS-50-24(全球通中性),310100905,"开关电源,24V2.09A,50W,接线端子",开关电源1，需要额外选配AC电源线,Power,
配件,电源,开关电源2,LRS-150F-24(全球通中性),310100904,"开关电源,24V6.25A,150W,接线端子",开关电源2，需要额外选配AC电源线,Power,
配件,电源,开关电源线缆,交流电源线_国标_弯三插_open_2米,310100843,交流电源线_国标_弯三插_open_2米(中性),搭配开关电源应用,Power,
配件,安装板,L型安装板,L型安装板M3孔,190193441,适配ID2013EM、ID800M使用，L型，相机孔位M3,,Braket8E,0
配件,安装板,L型安装板,L型安装板M3孔,190193441,适配ID2000M长焦款，L型，相机孔位M3,,Braket2L,1
配件,安装板,L型安装板,L型安装板M2孔,190171821,V035-安装支架，适配ID2000M除长焦型号外所有型号，L型，相机孔位M2,,Braket2M,1
配件,安装板,L型安装板,ID2000XM安装板,192139550,V-读码器027-安装支架，适配ID2000XM,,Braket2X,1
配件,安装板,L型安装板,ID3000PM安装板,190162231,V020-安装支架，适配ID3000PM,,Braket3P,1
配件,安装板,L型安装板,ID3000XM安装板,192107657,V-读码器018-支架，适配ID3000XM/ID3000RM,,Braket3X,1
配件,安装板,L型安装板,ID5000M安装板,190162212,V024-安装支架，适配ID5000M安装板,,Braket5M,0
配件,安装板,L型安装板,ID5000XM安装板,192119847,V-读码器023-安装支架，适配ID5000XM/RM,,Braket5X,1
配件,一体线,2m普通U口,10P10C转OPEN+USB-AM,101523961,"10P10C转OPEN+USB-AM,2m,黑色,弯折半径：12D；线缆特性：弯折30W次，运动速度30次/分",,10P10C-U,1
配件,一体线,1.5m普通串口,"10P10C转OPEN+DB9F(DC-J),1.5m",101523962,"10P10C转OPEN+DB9F(DC-J),1.5m,黑色,弯折半径：12D；线缆特性：弯折30W次，运动速度30次/分",,10P10C-R,1
配件,一体线,2m普通组合,"10P10C转OPEN+DB9F(DC-J)+USB-AM,2m",101524790,"10P10C转OPEN+DB9F(DC-J)+USB-AM,2m,黑,弯折半径：12D；线缆特性：弯折30W次，运动速度30次/分",订单中备注：删除：101523961，添加：101524790,10P10C-U,
配件,一体线,2m普通组合,"10P10C转OPEN+DB9F(DC-J)+USB-AM,2m",101524790,"10P10C转OPEN+DB9F(DC-J)+USB-AM,2m,黑,弯折半径：12D；线缆特性：弯折30W次，运动速度30次/分",订单中备注：删除：101523962，添加：101524790,10P10C-R,
配件,一体线,3m普通网口公头,MV-IDAPE-DB15M-DB9FRJ45OPEN-ST-3m,310102618,DB15转散线DB9母头网口公头，3米，弯折半径：12D；线缆特性：静态铺设，适配ID2013EM V2.0,,DB15M-L-V20,1
配件,一体线,5m普通网口公头,MV-IDAPE-DB15M-DB9FRJ45OPEN-ST-5m,310102619,DB15转散线DB9母头网口公头，5米，弯折半径：12D；线缆特性：静态铺设，适配ID2013EM V2.0,若ID2013EM V2.0网口出货配置为5m普通网口公头，订单中备注：删除：310102618，添加：310102619,DB15M-L-V20,0
配件,一体线,7m普通网口公头,MV-IDAPE-DB15M-DB9FRJ45OPEN-ST-7m,310102620,DB15转散线DB9母头网口公头，7米，弯折半径：12D；线缆特性：静态铺设，适配ID2013EM V2.0,ID2013EM V2.0≥7m线缆无法配置下单，须订单备注删除：310102618，再额外下单！,DB15M-L-V20,0
配件,一体线,10m普通网口公头,MV-IDAPE-DB15M-DB9FRJ45OPEN-ST-10m,310102621,DB15转散线DB9母头网口公头，10米，弯折半径：12D；线缆特性：静态铺设，适配ID2013EM V2.0,ID2013EM V2.0≥7m线缆无法配置下单，须订单备注删除：310102618，再额外下单！,DB15M-L-V20,0
配件,一体线,5m高柔网口公头,MV-IDAPE-DB15M-DB9FRJ45OPEN-HF-5m,310102622,DB15转散线DB9母头网口公头，5米，弯折半径：12D；线缆特性：拖链500W次，运动速度60次/分，适配ID2013EM V2.0,若ID2013EM V2.0网口出货配置为5m高柔网口公头，订单中备注：删除：310102618，添加：310102622,DB15M-L-V20,0
配件,一体线,7m高柔网口公头,MV-IDAPE-DB15M-DB9FRJ45OPEN-HF-7m,310102623,DB15转散线DB9母头网口公头，7米，弯折半径：12D；线缆特性：拖链500W次，运动速度60次/分，适配ID2013EM V2.0,ID2013EM V2.0≥7m线缆无法配置下单，须订单备注删除：310102618，再额外下单！,DB15M-L-V20,0
配件,一体线,10m高柔网口公头,MV-IDAPE-DB15M-DB9FRJ45OPEN-HF-10m,310102624,DB15转散线DB9母头网口公头，10米弯折半径：12D；线缆特性：拖链500W次，运动速度60次/分，适配ID2013EM V2.0,ID2013EM V2.0≥7m线缆无法配置下单，须订单备注删除：310102618，再额外下单！,DB15M-L-V20,0
配件,一体线,2m普通U口,MV-IDAPE-DB15M-USB--ST-2m,310102616,DB15转USB，2米，弯折半径：12D；线缆特性：静态铺设，适配ID2013EM V2.0,,DB15M-U-V20,1
配件,一体线,2m普通组合U口,MV-IDAPE-DB15M-USBDB9FOPEN--ST-2m,310102617,DB15转散线DB9母头USB，2米，弯折半径：12D；线缆特性：静态铺设，适配ID2013EM V2.0,若ID2013EM V2.0U口出货配置为2m普通组合U口，订单中备注：删除：310102616，添加：310102617,DB15M-U-V20,0
配件,一体线,3.5m普通网口公头,MV-ACE-RJ45-DB9-ST-3.5m,101518612,"DB15M转TB3B6S+DB9(DC JACK)+RJ45/M,3.5m,黑,弯折半径：12D；线缆特性：静态铺设，适配ID2013EM V1.5",适用于ID2013EM V1.5网口型号,DB15M-L-V15,1
配件,一体线,3.5m普通网口母头,MV-ID-E-RJ45F-open-ST-3.5m,101521075,"DB15M转TB3B6S+DB9F(DC JACK)+RJ45/F,3.5m,黑,弯折半径：12D；线缆特性：静态铺设，适配ID2013EM V1.5",若ID2013EM V1.5网口出货配置为3.5m母头普通线缆，订单中备注：删除：101518612，添加：101521075,DB15M-L-V15,0
配件,一体线,5m普通网口公头,MV-IDA-PE-HDB15-RJ45DB9Open-ST-5m,310102108,DB15转RJ45公头DB9open，5米，弯折半径：12D；线缆特性：静态铺设，适配ID2013EM V1.5,若ID2013EM V1.5网口出货配置为5m普通线缆，订单中备注：删除：101518612，添加：310102108,DB15M-L-V15,0
配件,一体线,15m普通网口公头,MV-IDA-PE-HDB15-RJ45DB9Open-ST-15m,310102106,DB15转RJ45公头DB9open，15米，弯折半径：12D；线缆特性：静态铺设，适配ID2013EM V1.5,ID2013EM V1.5≥7m线缆无法配置下单，须订单备注删除：101518612，再额外下单！,DB15M-L-V15,0
配件,一体线,3.5m高柔网口公头,MV-IDA-PE-HDB15-RJ45DB9Open-ST-3.5m,101525618,"DB15M转RJ45_M+DB9F+TB3B6P,5m,黑，弯折半径：12D，线缆特性：拖链500W次，运动速度60次/分，适配ID2013EM V1.5",若ID2013EM V1.5网口出货配置为3.5m高柔线缆，订单中备注：删除：101518612，添加：101525618,DB15M-L-V15,0
配件,一体线,5m高柔网口公头,MV-IDA-PE-HDB15-RJ45DB9Open-HF-5m,310102109,"DB15转RJ45公头DB9open,5米,高柔,拖链场景弯折半径：12D，线缆特性：拖链500W次，运动速度60次/分，适配ID2013EM V1.5",若ID2013EM V1.5网口出货配置为5m高柔线缆，订单中备注：删除：101518612，添加：310102109,DB15M-L-V15,0
配件,一体线,2m普通U口,"HDB15M转USB2.0,2m",101517381,"外部转接线_ID2013E,HDB15M转USB2.0,2m,黑,弯折半径：12D；线缆特性：静态铺设，适配ID2013EM V1.5",,DB15M-U-V15,1
配件,一体线,2.5m普通组合U口,MV-ACP-DB9-USB2.0-ST-2.5m,101519155,"DB15M转TB3B6S+DB9(DC JACK)+USB2.0A/M,2.5m,黑 ,弯折半径：12D；线缆特性：静态铺设，适配ID2013EM V1.5",若ID2013EM V1.5U口出货配置为2.5m普通组合线缆，订单中备注：删除：101517381，添加：101519155,DB15M-U-V15,0
配件,一体线,2.5m普通全功能,MV-ACP-RJ45-DB9-USB2.0-ST-2.5m,101518547,"DB15M转TB3B6S+DB9(DC JACK)+RJ45/M+USB/AM,2.5m,黑,弯折半径：12D；线缆特性：静态铺设，适配ID2013EM V1.5",若ID2013EM V1.5U口出货配置为2.5m全功能线缆，订单中备注：删除：101517381，添加：101518547,DB15M-U-V15,0
配件,一体线,2m普通单U口,ID2000对外尾线-USB版,101515363,"ID2000对外尾线-USB版,USB2.0 A/M转M12A17F,2m,线缆特性：拖链200W次，运动速度60次/分，弯折半径：12D；",,M12A17-U,1
配件,一体线,2m普通单U口,MV-IDAPE-M12A17F-U2DC-ST-2m,310102959,17pin航插头转USB2.0+DC圆孔供电，2米静态线缆，线缆特性：静态铺设，弯折半径：12D,推荐搭配DC圆头适配器：310101855,M12A17-U,
配件,一体线,2m普通组合U口,MV-IDA-PE-M12A17pF-openU2DB9-ST-2m,310101295,17pin航插头转8pin端子+USB2.0+DB9，2米静态线缆，线缆特性：静态铺设，弯折半径：12D；,U口型号出货配置为2m普通组合线缆，订单中备注：删除：101515363，添加：310101295,M12A17-U,0
配件,一体线,2m高柔组合U口,MV-IDA-PE-M12A17pF-openU2DB9-HF-2m,310101297,17pin航插头转8pin端子+USB2.0+DB9，3米高柔线缆，线缆特性：拖链500W次，运动速度60次/分，弯折半径：12D；,U口型号出货配置为2m高柔组合线缆，订单中备注：删除：101515363，添加：310101297,M12A17-U,0
配件,一体线,3m普通网口公头,MV-IDA-PE-M12A17pF-openRJ45DB9-ST-3m,310101292,"17pin航插头转open绿色端子/RJ45公头/DB9,网口公头,静态3米线缆，弯折半径：12D；线缆特性：静态铺设",,M12A17-L,1
配件,一体线,5m普通网口公头,MV-IDA-PE-M12A17pF-openRJ45DB9-ST-5m,310101293,"17pin航插头转open绿色端子/RJ45公头/DB9,网口公头,静态5米线缆，弯折半径：12D；线缆特性：静态铺设",网口型号出货配置为5m普通线缆，订单中备注：删除：310101292，添加：310101293,M12A17-L,0
配件,一体线,7m普通网口公头,MV-IDA-PE-M12A17pF-openRJ45DB9-ST-7m,310101873,"17pin航插头转open绿色端子/RJ45公头/DB9,网口公头,静态7米线缆，弯折半径：12D；线缆特性：静态铺设",≥7m线缆无法配置下单，订单备注删除：310101292，再额外下单！,M12A17-L,0
配件,一体线,10m普通网口公头,MV-IDA-PE-M12A17pF-openRJ45DB9-ST-10m,310101294,"17pin航插头转open绿色端子/RJ45公头/DB9,网口公头,静态10米线缆，弯折半径：12D；线缆特性：静态铺设",≥7m线缆无法配置下单，订单备注删除：310101292，再额外下单！,M12A17-L,0
配件,一体线,15m普通网口公头,MV-IDA-PE-M12A17pF-openRJ45DB9-ST-15m,310101310,"17pin航插头转open绿色端子/RJ45公头/DB9,网口公头,静态15米线缆，弯折半径：12D；线缆特性：静态铺设",≥7m线缆无法配置下单，订单备注删除：310101292，再额外下单！,M12A17-L,0
配件,一体线,3m高柔网口公头,MV-IDA-PE-M12A17pF-openRJ45DB9-HF-3m,310101296,"17pin航插头转open绿色端子/RJ45公头/DB9,网口公头,高柔3米线缆，弯折半径：12D；线缆特性：拖链500W次，运动速度60次/分",若网口型号出货配置为3m高柔线缆，订单中备注：删除：310101292，添加：310101296,M12A17-L,0
配件,一体线,5m高柔网口公头,MV-IDA-PE-M12A17pF-openRJ45DB9-HF-5m,310102637,"17pin航插头转open绿色端子/RJ45公头/DB9,网口公头,高柔5米线缆，弯折半径：12D；线缆特性：拖链500W次，运动速度60次/分",若网口型号出货配置为5m高柔线缆，订单中备注：删除：310101292，添加：310102637,M12A17-L,0
配件,一体线,5m超柔网口公头,MV-IDA-PE-M12A17pF-openRJ45DB9-SF-5m,310101876,"17pin航插头转open绿色端子/RJ45公头/DB9,网口公头,超柔5米线缆，弯折半径：12D线缆特性：拖链1000W次，运动速度60次/分，弯折300W次，速度30次/分；扭转500W次，速度30次/分",若网口型号出货配置为5m超柔线缆，订单中备注：删除：310101292，添加：310101876,M12A17-L,0
配件,一体线,7m超柔网口公头,MV-IDA-PE-M12A17pF-openRJ45DB9-SF-7m,310103217,"17pin航插头转open绿色端子/RJ45公头/DB9,网口公头,超柔7米线缆，弯折半径：12D线缆特性：拖链1000W次，运动速度60次/分，弯折300W次，速度30次/分；扭转500W次，速度30次/分",≥7m线缆无法配置下单，订单备注删除：310101292，再额外下单！,M12A17-L,0
配件,一体线,7m高柔网口公头,MV-IDA-PE-M12A17pF-openRJ45DB9-HF-7m,310101874,"17pin航插头转open绿色端子/RJ45公头/DB9,网口公头,高柔7米线缆，弯折半径：12D；线缆特性：拖链500W次，运动速度60次/分",≥7m线缆无法配置下单，订单备注删除：310101292，再额外下单！,M12A17-L,0
配件,一体线,10m高柔网口公头,MV-IDA-PE-M12A17pF-openRJ45DB9-HF-10m,310101875,"17pin航插头转open绿色端子/RJ45公头/DB9,网口公头,高柔10米线缆，弯折半径：12D；线缆特性：拖链500W次，运动速度60次/分",≥7m线缆无法配置下单，订单备注删除：310101292，再额外下单！,M12A17-L,0
配件,一体线,15m高柔网口公头,MV-IDA-PE-M12A17pF-openRJ45DB9-HF-15m,310101307,"17pin航插头转open绿色端子/RJ45公头/DB9,网口公头,高柔15米线缆，弯折半径：12D；线缆特性：拖链500W次，运动速度60次/分",≥7m线缆无法配置下单，订单备注删除：310101292，再额外下单！,M12A17-L,0
配件,一体线,3m普通弯头网口公头,MV-IDA-PE-M12A17pFUP-openRJ45DB9-ST-3m,310101869,"17pin航插头转open绿色端子/RJ45公头/DB9,网口公头,静态3米直角线缆,弯折半径：12D；线缆特性：静态铺设",若网口型号出货配置为3m弯头普通线缆，订单中备注：删除：310101292，添加：310101869,M12A17-L,0
配件,一体线,5m普通弯头网口母头,MV-IDA-PE-M12A17pFUP-openRJ45DB9-ST-5m,310101877,"17pin航插头转open绿色端子/RJ45公头/DB9,网口母头,静态5米直角线缆,弯折半径：12D；线缆特性：静态铺设",若网口型号出货配置为5m弯头普通线缆，订单中备注：删除：310101292，添加：310101877,M12A17-L,0
配件,一体线,10m普通弯头网口公头,MV-IDA-PE-M12A17pFUP-openRJ45DB9-ST-10m,310101878,"17pin航插头转open绿色端子/RJ45公头/DB9,网口公头,静态10米直角线缆,弯折半径：12D；线缆特性：静态铺设",≥7m线缆无法配置下单，订单备注删除：310101292，再额外下单！,M12A17-L,0
配件,一体线,3m高柔弯头网口公头,MV-IDA-PE-M12A17pFUP-openRJ45DB9-HF-3m,310101870,"17pin航插头转open绿色端子/RJ45公头/DB9,网口公头,高柔3米直角线缆,弯折半径：12D；线缆特性：拖链500W次，运动速度60次/分",若网口型号出货配置为3m弯头高柔线缆，订单中备注：删除：310101292，添加：310101870,M12A17-L,0
配件,一体线,3m普通网口母头,MV-IDA-PE-M12A17pF-openRJ45FDB9-ST-3m,310101871,"17pin航插头转open绿色端子/RJ45母头/DB9,网口母头,静态3米线缆,弯折半径：12D；线缆特性：静态铺设",若网口型号出货配置为3m普通母头，订单中备注：删除：310101292，添加：310101871,M12A17-L,0
配件,一体线,3m高柔网口母头,MV-IDA-PE-M12A17pF-openRJ45FDB9-HF-3m,310101872,"17pin航插头转open绿色端子/RJ45母头/DB9,网口母头,高柔3米线缆,弯折半径：12D；线缆特性：拖链500W次，运动速度60次/分",若网口型号出货配置为3m高柔母头，订单中备注：删除：310101292，添加：310101872,M12A17-L,0
配件,IO电源线,1m普通IO线,MV-IDA-P-M12A12pF-open-ST-1m,101532667,12pin转open 静态，1m，弯折半径：12D；线缆特性：静态铺设,若出货配置为1m普通电源线，订单中备注：删除：310101268，添加：101532667,M12A12,0
配件,IO电源线,3m普通IO线,MV-IDA-P-M12A12pF-open-ST-3m,310101268,12pin转open 静态，3m，弯折半径：12D；线缆特性：静态铺设,,M12A12,1
配件,IO电源线,5m普通IO线,MV-IDA-P-M12A12pF-open-ST-5m,310101269,12pin转open 静态，5m，弯折半径：12D；线缆特性：静态铺设,若出货配置为5m普通电源线，订单中备注：删除：310101268，添加：310101269,M12A12,0
配件,IO电源线,7m普通IO线,MV-IDA-P-M12A12pF-open-ST-7m,310101270,12pin转open 静态，7m，弯折半径：12D；线缆特性：静态铺设,≥7m线缆无法配置，订单备注删除：310101268，再额外下单！,M12A12,0
配件,IO电源线,10m普通IO线,MV-IDA-P-M12A12pF-open-ST-10m,310101271,12pin转open 静态，10m，弯折半径：12D；线缆特性：静态铺设,≥7m线缆无法配置，订单备注删除：310101268，再额外下单！,M12A12,0
配件,IO电源线,15m普通IO线,MV-IDA-P-M12A12pF-open-ST-15m,310101272,12pin转open 静态，15m，弯折半径：12D；线缆特性：静态铺设,≥7m线缆无法配置，订单备注删除：310101268，再额外下单！,M12A12,0
配件,IO电源线,30m普通IO线,MV-IDA-P-M12A12pF-open-ST-30m,310101273,12pin转open 静态，30m，弯折半径：12D；线缆特性：静态铺设,≥7m线缆无法配置，订单备注删除：310101268，再额外下单！,M12A12,0
配件,IO电源线,3m高柔IO线,MV-IDA-P-M12A12pF-open-HF-3m,310101280,12pin转open 高柔，3m，弯折半径：12D；线缆特性：拖链500W次，运动速度60次/分,若出货配置为3m高柔电源线，订单中备注：删除：310101268，添加：310101280,M12A12,0
配件,IO电源线,5m高柔IO线,MV-IDA-P-M12A12pF-open-HF-5m,310101281,12pin转open 高柔，5m，弯折半径：12D；线缆特性：拖链500W次，运动速度60次/分,若出货配置为5m高柔电源线，订单中备注：删除：310101268，添加：310101281,M12A12,0
配件,IO电源线,10m高柔IO线,MV-IDA-P-M12A12pF-open-HF-10m,310101282,12pin转open 高柔，10m，弯折半径：12D；线缆特性：拖链500W次，运动速度60次/分,≥7m线缆无法配置，订单备注删除：310101268，再额外下单！,M12A12,0
配件,IO电源线,20m高柔IO线,MV-IDA-P-M12A12pF-open-HF-20m,310101283,12pin转open 高柔，20m，弯折半径：12D；线缆特性：拖链500W次，运动速度60次/分,≥7m线缆无法配置，订单备注删除：310101268，再额外下单！,M12A12,0
配件,IO电源线,3m普通串口IO线,MV-IDAP-M12A12F-DB9Fopen-ST-3m,310102639,12pin转DB9母头open，静态，3m，弯折半径：12D；线缆特性：静态铺设,若出货配置为3m串口普通串口线，订单中备注：删除：310101268，添加：310102639,M12A12,0
配件,IO电源线,5m普通串口IO线,MV-IDAP-M12A12F-DB9Fopen-ST-5m,310102640,12pin转DB9母头open，静态，5m，弯折半径：12D；线缆特性：静态铺设,若出货配置为5m串口普通串口线，订单中备注：删除：310101268，添加：310102640,M12A12,0
配件,IO电源线,7m普通串口IO线,MV-IDAP-M12A12F-DB9Fopen-ST-7m,310102641,12pin转DB9母头open，静态，7m，弯折半径：12D；线缆特性：静态铺设,≥7m线缆无法配置，订单备注删除：310101268，再额外下单！,M12A12,0
配件,IO电源线,10m普通串口IO线,MV-IDAP-M12A12F-DB9Fopen-ST-10m,310102642,12pin转DB9母头open，静态，10m，弯折半径：12D；线缆特性：静态铺设,≥7m线缆无法配置，订单备注删除：310101268，再额外下单！,M12A12,0
配件,IO电源线,2mU口线缆,MV-IDA-H20-N-S-RJ45-U-BR-2m,310102793,"外甩线_四代把枪U口尾线,RJ45-M转USB-AM,2m,黑(带防弹丝)",,H20-U,1
配件,IO电源线,3mU口线缆,MV-IDA-H20-N-S-RJ45-U-BR-3m,310102984,IDH2000有线型号单U口线缆3米,若ID2000有线款出货配置为3mU口线缆，订单中备注：删除：310102793，添加：310102984,H20-U,0
配件,IO电源线,2m串口线缆,MV-IDA-H20-P-S-RJ45-RN-BR-2m,310102794,"外甩线_四代把枪串口尾线,2m,黑(带防弹丝)",若ID2000有线款出货配置为2m串口线缆，订单中备注：删除：310102793，添加：310102794,H20-U,0
配件,IO电源线,3m串口线缆,MV-IDA-H20-P-S-RJ45-RN-BR-3m,310102985,"IDH2000有线型号单串口线缆3米,12V供电",若ID2000有线款出货配置为3m串口线缆，订单中备注：删除：310102793，添加：310102985,H20-U,0
配件,IO电源线,2m组合线缆,MV-IDA-H20-P-S-RJ45-RNU-BR-2m,310102795,"外甩线_四代把枪串口尾线,2m,黑(带防弹丝)，5V供电",若ID2000有线款出货配置为2m组合线缆，订单中备注：删除：310102793，添加：310102795,H20-U,0
配件,IO电源线,5m网口线缆,MV-IDA-H20-P-S-RJ45-E-BR-5m,310102982,IDH2000有线型号单网口线缆5米,若ID2000有线款出货配置为5m网口线缆，订单中备注：删除：310102793，添加：310102982,H20-U,0
配件,IO电源线,2mU口线缆,MV-IDA-H20B-N-S-USBB-U-ST-2m,310102797,IDH2000无线型号单网口线缆2米；线缆特性：弯折30W次，运动速度30次/分，弯折半径：12D；,,H20B-U,1
配件,IO电源线,2.5mU口线缆,MV-IDA-H30-P-S-RJ45-U-BR-2.5m,310102796,外甩线_三代把枪U口尾线2.5m黑色旋盖,,H30-U,1
配件,IO电源线,2.5m组合线缆,MV-IDA-H30-P-S-RJ45-RNU-BR-2.5m,310102798,"外甩线_三代把枪USB+串口尾线,2.5m,黑色旋盖",若ID3000有线款USB型号出货配置为2.5m复合线缆，订单中备注：删除：310102796，添加：310102798,H30-U,0
配件,IO电源线,3m网口线缆,MV-IDA-H30-P-S-RJ45-RNE-BR-3m,310102800,"外甩线_三代把枪网口+串口尾线,3m,黑色旋盖",,H30-L,1
配件,IO电源线,2m串口线缆,MV-IDA-H30-P-S-RJ45-RN-BR-2m,310102799,"外甩线_三代把枪_单串口尾线,黑色旋盖,2m,黑",若ID3000有线款网口型号出货配置为2m串口线缆，订单中备注：删除：310102800，添加：310102799,H30-L,0
配件,IO电源线,5m网口线缆,MV-IDA-H30-P-C-RJ45-RNE-BR-5m,310102500,外甩线_三代把枪网口+串口弹簧线，5m,若ID3000有线款网口型号出货配置为5m网口/串口线缆，订单中备注：删除：310102800，添加：310102500,H30-L,0
配件,IO电源线,2.5mU口线缆,MV-IDA-H30B-N-S-RJ45-U-BR-2.5m,310102801,"外甩线_三代把枪底座U口线缆,2.5m,黑",,H30B-U,1
配件,IO电源线,3m网口线缆,MV-IDA-H30B-N-S-RJ45-RNE-BR-3m,310102802,"外甩线_三代把枪底座网口线缆,10P10C转RJ45/M+DB9F,3m,黑",,H30B-U,1
配件,IO电源线,15m网口线缆,MV-IDA-H30B-N-S-RJ45-RNE-BR-15m,310102803,"外甩线_三代把枪底座网口定制线缆,10P10C转RJ45_M+DB9F,15m,黑",若ID3000无线款网口型号出货配置为15m线缆，订单中备注：删除：310102802，添加：310102803,H30B-U,0
配件,IO电源线,3mU口线缆,MV-IDA-H50P-N-S-RJ45-U-BR-3m,310103038,IDH5000P系列单U口线缆3米（无DC）,,H50P-U,1
配件,IO电源线,3mU口线缆,MV-IDA-H50P-P-S-RJ45-U-BR-3M,310103039,IDH5000P系列单U口线缆3米（有DC）,若ID5000有线款USB型号出货配置为3m单U口线缆有DC，订单中备注：删除：310103038，添加：,H50P-U,0
配件,IO电源线,3m网口线缆,MV-IDA-H50P-P-S-RJ45-RNE-BR-3m,310103040,IDH5000P系列网口串口复合线缆3米,,H50P-L,1
配件,IO电源线,3m网口线缆,MV-IDA-H50P-P-S-RJ45-RN-BR-3m,310103041,IDH5000P系列单串口线缆3米,若IDH5000有线款网口型号出货配置为3m串口线缆，订单中备注：删除：310103040，添加：310103041,H50P-L,0
配件,IO电源线,2.5mU口线缆,MV-IDA-H70-P-S-RJ45-U-BR-2.5m,310102804,"外甩线_二代把枪U口尾线,2.5m,黑",,H70P-U,1
配件,IO电源线,3m串口线缆,MV-IDA-H70-P-S-RJ45-RN-ST-3m,310102805,"外甩线_二代把枪串口尾线,10P10C转DB9F(DC JACK),3m,黑色",若IDH7000有线款USB型号出货配置为3m串口线缆，订单中备注：删除：310102804，添加：310102805,H70P-U,0
配件,IO电源线,2.5mU口线缆,MV-IDA-H70-P-C-RJ45-U-BR-2.5m,310102806,外甩线_二代把枪U口弹簧线，2.5m,若IDH7000有线款USB型号出货配置为2.5m弹簧线，订单中备注：删除：310102804，添加：310102806,H70P-U,0
配件,IO电源线,3m网口线缆,MV-IDA-H70-P-S-RJ45-RNE-BR-3m,310102821,"外甩线_二代把枪网口+串口尾线,3m,黑色",,H70P-L,1
配件,IO电源线,3m网口线缆,MV-IDA-H70-P-C-RJ45-RNE-BR-3m,310102811,"外甩线_二代把枪网口+串口弹簧线, 3m",若IDH7000有线款网口型号出货配置为3m弹簧线，订单中备注：删除：310102821，添加：310102811,H70P-L,0
配件,IO电源线,5.75m网口线缆,MV-IDA-H70-P-C-RJ45-RNE-BR-5.75m,310102812,"外甩线_二代把枪网口+串口弹簧线, 5.75m",若IDH7000有线款网口型号出货配置为5.75m弹簧线，订单中备注：删除：310102821，添加：310102812,H70P-L,0
配件,IO电源线,5m网口线缆,MV-IDA-H70-P-S-RJ45-RNE-BR-5m,310102823,"外甩线_二代把枪网口+串口尾线,5m,黑色",若IDH7000有线款网口型号出货配置为5m网口线缆，订单中备注：删除：310102821，添加：310102823,H70P-L,0
配件,IO电源线,10m网口线缆,MV-IDA-H70-P-S-RJ45-RNE-BR-10m,310102824,"外甩线_二代把枪网口+串口尾线,10m,黑色",若IDH7000有线款网口型号出货配置为10m网口线缆，订单中备注：删除：310102821，添加：310102824,H70P-L,0
配件,IO电源线,2mU口线缆,MV-IDA-H70B-P-S-RJ45-U-ST-2.5m,310102813,"外甩线_无线把枪底座U口线缆,2.5m,黑",,H70B-U,1
配件,IO电源线,3m网口线缆,MV-IDA-H70B-P-S-RJ45-RNE-ST-3m,310102814,"外甩线_无线把枪底座网口线缆,3m,黑",,H70B-L,1
配件,IO电源线,8m网口线缆,MV-IDA-H70B-P-S-RJ45-RNE-BR-8m,310102815,"外甩线_无线把枪底座网口线缆,网口(8m)+串口(5m)",若IDH7000无线款网口型号出货配置为8m线缆，订单中备注：删除：310102814，添加：310102815,H70B-L,0
配件,IO电源线,10m网口线缆,MV-IDA-H70B-P-S-RJ45-RNE-ST-10m,310102816,"外甩线_无线把枪底座网口线缆,10m,黑",若IDH7000无线款网口型号出货配置为10m线缆，订单中备注：删除：310102814，添加：310102816,H70B-L,0
配件,IO电源线,2.5m网口线缆,MV-IDA-H70B-P-S-RJ45-RNE-ST-2.5m,310102817,"外甩线_无线把枪底座复合线缆,2.5m",若IDH7000无线款网口型号出货配置为2.5m复合线缆，订单中备注：删除：310102814，添加：310102817,H70B-L,0
配件,IO电源线,3m网口线缆,MV-IDA-HIP-P-S-RJ45-RPE-BR-3m,310102819,"10P10C转DB9F(DC-J)+RJ45M,3m,黑色",,H90-L,1
配件,IO电源线,3mU口线缆,MV-IDA-HIP-P-S-RJ45-U-BR-3m,310102818,"10P10C 转USB-AM+DC-J,3m,黑色",,H90-U,1
配件,网线,1m普通网线,MV-IDA-E-M12A8pF-RJ45-ST-1m,101532666,"8pin转RJ45,静态，1m，弯线缆特性：静态铺设，弯折半径：12D；",若ID3000XM系列出货配置为1m普通网线，订单中备注：删除：310101274，添加：101532666,M12A8,0
配件,网线,3m普通网线,MV-IDA-E-M12A8pF-RJ45-ST-3m,310101274,"8pin转RJ45,静态，3m，弯折半径：12D；线缆特性：静态铺设",,M12A8,1
配件,网线,5m普通网线,MV-IDA-E-M12A8pF-RJ45-ST-5m,310101275,"8pin转RJ45,静态，5m，弯折半径：12D；线缆特性：静态铺设",若出货配置为5m普通网线，订单中备注：删除：310101274，添加：310101275,M12A8,0
配件,网线,7m普通网线,MV-IDA-E-M12A8pF-RJ45-ST-7m,310101276,"8pin转RJ45,静态，7m，弯折半径：12D；线缆特性：静态铺设",≥7m线缆无法配置，须订单备注删除：310101274，再额外下单！,M12A8,0
配件,网线,10m普通网线,MV-IDA-E-M12A8pF-RJ45-ST-10m,310101277,"8pin转RJ45,静态，10m，弯折半径：12D；线缆特性：静态铺设",≥7m线缆无法配置，须订单备注删除：310101274，再额外下单！,M12A8,0
配件,网线,15m普通网线,MV-IDA-E-M12A8pF-RJ45-ST-15m,310101278,"8pin转RJ45,静态，15m，弯折半径：12D；线缆特性：静态铺设",≥7m线缆无法配置，须订单备注删除：310101274，再额外下单！,M12A8,0
配件,网线,30m普通网线,MV-IDA-E-M12A8pF-RJ45-ST-30m,310101279,"8pin转RJ45,静态，30m，弯折半径：12D；线缆特性：静态铺设",≥7m线缆无法配置，须订单备注删除：310101274，再额外下单！,M12A8,0
配件,网线,3m高柔网线,MV-IDA-E-M12A8pF-RJ45-HF-3m,310101284,"8pin转RJ45,高柔，3m，弯折半径：12D；线缆特性：拖链500W次，运动速度60次/分",若出货配置为3m高柔网线，订单中备注：删除：310101274，添加：310101284,M12A8,0
配件,网线,5m高柔网线,MV-IDA-E-M12A8pF-RJ45-HF-5m,310101285,"8pin转RJ45,高柔，5m，弯折半径：12D；线缆特性：拖链500W次，运动速度60次/分",若出货配置为5m高柔网线，订单中备注：删除：310101274，添加：310101285,M12A8,0
配件,网线,10m高柔网线,MV-IDA-E-M12A8pF-RJ45-HF-10m,310101286,"8pin转RJ45,高柔，10m，弯折半径：12D；线缆特性：拖链500W次，运动速度60次/分",≥7m线缆无法配置，须订单备注删除：310101274，再额外下单！,M12A8,0
配件,网线,20m高柔网线,MV-IDA-E-M12A8pF-RJ45-HF-20m,310101287,"8pin转RJ45,高柔，20m，弯折半径：12D；线缆特性：拖链500W次，运动速度60次/分",≥7m线缆无法配置，须订单备注删除：310101274，再额外下单！,M12A8,0
配件,灯板,ID2000XM红光灯板,MV-IDA-L-4-46-25.5-R(国内中性),310102934,四颗红色点光源，光源波长620nm~630nm，仅适配ID2000XM机械款,机械款标配灯板半成品物料：202408284（下配置订单请备注半成品物料号）,L-4-46,1
配件,灯板,ID2000XM白光灯板,MV-IDA-L-4-46-25.5-W(国内中性),310102937,四颗白色点光源，色温6500K，仅适配ID2000XM机械款,若ID2000XM机械款出货配置为白色灯板，订单中备注：删除：202408284，添加：202408000,L-4-46,0
配件,灯板,ID2000XM蓝光灯板,MV-IDA-L-4-46-25.5-B(国内中性),310102936,四颗蓝色点光源，光源波长465nm~475nm，仅适配ID2000XM机械款,若ID2000XM机械款出货配置为蓝色灯板，订单中备注：删除：202408284，添加：202408285,L-4-46,0
配件,灯板,ID2000XM红蓝灯板,MV-IDA-L-4-46-25.5-BR(国内中性),310102933,四颗红蓝点光源，红光波长620nm~630nm，蓝光波长465nm~475nm，左边红色，右边蓝色，仅适配ID2000XM机械款,若ID2000XM机械款出货配置为红蓝灯板，订单中备注：删除：202408284，添加：202408360,L-4-46,0
配件,灯板,ID2000XM红外灯板,MV-IDA-L-4-46-25.5-IR(国内中性),310102935,四颗红外点光源，光源波长850nm，仅适配ID2000XM机械款,不同焦距前端组件代码不一致，下单先跟售前确认！若ID2000XM机械款出货配置为红外灯板，订单中备注：删除：202408284，添加：202408286，更换红外灯板；除：202408180，添加：202407731，更换全透镜头罩；除：原前端组件，添加：新前端组件，组件代码见右侧；上线需要ME联系光学确认维护高清标准,L-4-46,0
配件,灯板,ID2000XM紫外灯板,MV-IDA-L-4-46-25.5-UV(国内中性),310102977,四颗紫外点光源，光源波长360nm~370nm，仅适配ID2000XM机械款,"若ID2000XM机械款出货配置为紫外灯板，订单中备注：05M删除：190242476, V-读码器027-透镜支架组件C；08M删除：190242469, V-读码器027-透镜支架组件A；12/16M删除：190242475, V-读码器027-透镜支架组件B；添加：190244590, V-读码器027-透镜支架；除：202408284，添加：202408493，更换紫外灯板；除：202408180，添加：202407731，更换全透镜头罩，部分场景需要选择相应的滤光片提高对比度；上线需要ME联系项目经理修改维护对应的高清ID",L-4-46,0
配件,灯板,ID2000XM红光灯板,MV-IDA-L-4-46-25.5-R-TOF(国内中性),310102988,四颗红色点光源，光源波长620nm~630nm，带TOF，仅适配ID2000XM液态款,液态款标配灯板半成品物料：202407520（下配置订单请备注半成品物料号）,LT-4-46,1
配件,灯板,ID2000XM白光灯板,MV-IDA-L-4-46-25.5-W-TOF(国内中性),310102991,四颗白色点光源，色温6500K，仅适配ID2000XM液态款,若ID2000XM液态款出货配置为白色灯板，订单中备注：删除：202407520，添加：202407834,LT-4-46,0
配件,灯板,ID2000XM蓝光灯板,MV-IDA-L-4-46-25.5-B-TOF(国内中性),310102990,四颗蓝色点光源，光源波长465nm~475nm，带TOF，仅适配ID2000XM液态款,若ID2000XM液态款出货配置为蓝色灯板，订单中备注：删除：202407520，添加：202408241,LT-4-46,0
配件,灯板,ID2000XM红蓝灯板,MV-IDA-L-4-46-25.5-BR-TOF(国内中性),310102987,红蓝双色点光源，红光波长620nm~630nm，蓝光波长465nm~475nm，带TOF，仅适配ID2000XM液态款,若ID2000XM液态款出货配置为红蓝灯板，订单中备注：删除：202407520，添加：202408492,LT-4-46,0
配件,灯板,ID2000XM红外灯板,MV-IDA-L-4-46-25.5-IR-TOF(国内中性),310102989,四颗红外点光源，光源波长850nm，带TOF，仅适配ID2000XM液态款,不同焦距前端组件代码不一致，下单先跟售前确认！若ID2000XM液态款出货配置为红外灯板，订单中备注：删除：202407520，添加：202408242，更换红外灯板；除：202408180，添加：202407731，更换全透镜头罩；除：原前端组件，添加：新前端组件，组件代码见右侧；上线需要ME联系光学确认维护高清标准,LT-4-46,0
配件,灯板,ID2000XM紫外灯板,MV-IDA-L-4-46-25.5-UV365-TOF(国内中性),310102992,四颗紫外点光源，光源波长360nm~370nm，带TOF，仅适配ID2000XM液态款,"若ID2000XM液态款出货配置为紫外灯板，订单中备注：08L删除：190242469, V-读码器027-透镜支架组件A；12/16L删除：190242475, V-读码器027-透镜支架组件B；添加：190244590, V-读码器027-透镜支架；除：202407520，添加：202408494，更换紫外灯板；除：202408180，添加：202407731，更换全透镜头罩，部分场景需要选择相应的滤光片提高对比度；上线需要ME联系项目经理修改维护对应的高清ID",LT-4-46,0
配件,灯板,白光灯板-14灯珠,MV-IDA-L-14-55-55-W(国内中性),310100789,14颗粒LED白光，色温5700K，仅适配14灯珠款,半成品物料：202403882（下配置订单请备注半成品物料号）,L-14-55,1
配件,灯板,红光灯板-14灯珠,MV-IDA-L-14-55-55-R(国内中性),310100790,14颗粒LED红光，光源波长620nm~630nm，仅适配14灯珠款,若出货配置为红光，订单中备注：删除：202403882，添加：202403880,L-14-55,0
配件,灯板,蓝光灯板-14灯珠,MV-IDA-L-14-55-55-B(国内中性),310100791,14颗粒LED蓝光，光源波长465nm~475nm，仅适配14灯珠款,若出货配置为蓝光，订单中备注：删除：202403882，添加：202403881,L-14-55,0
配件,灯板,红蓝灯板-14灯珠,MV-IDA-L-14-55-55-RB(国内中性),202408084,14颗粒LED红蓝双色，上面红色，光源波长620nm~630nm，下面蓝色，光源波长465nm~475nm，建议镜头罩配置成全透或者全偏，仅适配14灯珠款,若出货配置为红蓝，订单中备注：删除：202403882，添加：202408084,L-14-55,0
配件,灯板,红外灯板-14灯珠,MV-IDA-L-14-55-55-IR(国内中性),310100792,14颗粒LED红外光，光源波长850nm，仅适配14灯珠款,若出货配置为红外光，订单中备注：删除：202403882，添加：202402649，更换红外灯板；除：202402547，添加：202402542，更换全透镜头罩,L-14-55,0
配件,灯板,紫外灯板-14灯珠,MV-IDA-L-14-55-55-UV(国内中性),310102554,14颗粒LED紫外光，光源波长360nm~370nm，紫外光会损伤皮肤、眼睛等，请避免长时间接触！！仅适配14灯珠款,"若出货配置为紫外光，订单中备注：删除数量2：191300506,；(删除透镜)；除：202403882，添加：202407522；(更换紫外灯板)；除：202402547，添加：202402542；(更换全透镜头罩)；备注上线需要ME联系项目经理修改维护对应的高清ID",L-14-55,0
配件,灯板,白光灯板-8灯珠,MV-IDA-L-8-55-55-W(国内中性),310100047,基础款，8颗粒LED白光，色温5700K，仅适配ID3000PM-8灯珠款,半成品物料：202401178（下配置订单请备注半成品物料号）,L-8-55,1
配件,灯板,红光灯板-8灯珠,MV-IDA-L-8-55-55-R(国内中性),310100048,基础款，8颗粒LED红光，光源波长620nm~630nm，仅适配ID3000PM-8灯珠款,若ID3013-8/ID3016出货配置为红光，订单中备注：删除：202401178，添加：202401179,L-8-55,0
配件,灯板,蓝光灯板-8灯珠,MV-IDA-L-8-55-55-B(国内中性),310100049,基础款，8颗粒LED蓝光，光源波长465nm~475nm，仅适配ID3000PM-8灯珠款,若IID3013-8/ID3016出货配置为蓝光，订单中备注：删除：202401178，添加：202401232,L-8-55,0
配件,灯板,红外灯板-8灯珠,MV-IDA-L-8-55-55-IR(国内中性),310100485,基础款，8颗粒LED红外光，光源波长850nm，仅适配ID3000PM-8灯珠款,若ID3013-8/ID3016出货配置为红外光，订单中备注：删除：202401178，添加：202401665,L-8-55,0
配件,灯板,白光灯板-48灯珠,MV-IDA-L-48-55-55-WH(国内中性),310100050,广角款，48颗粒LED白光，色温5700K，仅适配ID3000PM-8灯珠款,若ID3013-8/ID3016出货配置为高功率白光，订单中备注：删除：202401178，添加：202401177,L-8-55,0
配件,灯板,红光灯板-48灯珠,MV-IDA-L-48-55-55-RH(国内中性),310100378,广角款，48颗粒LED红光，光源波长620nm~630nm，仅适配ID3000PM-8灯珠款,若ID3013-8/ID3016出货配置为高功率红光，订单中备注：删除：202401178，添加：202401331,L-8-55,0
配件,灯板,蓝光灯板-48灯珠,MV-IDA-L-48-55-55-BH(国内中性),310100051,广角款，48颗粒LED蓝光，光源波长465nm~475nm，仅适配ID3000PM-8灯珠款,若ID3013-8/ID3016出货配置为高功率蓝光，订单中备注：删除：202401178，添加：202401249,L-8-55,0
配件,灯板,ID3000XM红光灯板,MV-25194(V1.0)-R-W,202404629,四颗红色点光源，白色扩散光源，光源波长620nm~630nm，仅适配ID3000XM机械款,,L-4-X,1
配件,灯板,ID3000XM白光灯板,MV-25194(V1.0)-W-W,202404908,四颗白色点光源，白色扩散光源，色温6500K，仅适配ID3000XM机械款,若ID3000XM机械款出货配置为白色灯板，订单中备注：删除：202404629，添加：202404908,L-4-X,0
配件,灯板,ID3000XM蓝光灯板,MV-25194(V1.0)-B-W,202407882,四颗蓝色点光源，白色扩散光源，光源波长465nm~475nm，仅适配ID3000XM机械款,若ID3000XM机械款出货配置为蓝色灯板，订单中备注：删除：202404629，添加：202407882,L-4-X,0
配件,灯板,ID3000XM红外灯板,MV-25194(V1.0)-IR-W,202407881,四颗红外点光源，白色扩散光源，光源波长850nm，仅适配ID3000XM机械款,若ID3000XM机械款出货配置为红外灯板，订单中备注：删除：202404629，添加：202407881，更换红外灯板；除：202404758，添加：202404919，更换全透镜头罩,L-4-X,0
配件,灯板,ID3000XM红光灯板,MV-25215(V1.0)-R-W-TOF,202405035,四颗红色点光源，白色扩散光源，光源波长620nm~630nm，仅适配ID3000XM液态款,,LT-4-X,1
配件,灯板,ID3000XM白光灯板,MV-25215(V1.0)-W-W-TOF,202405226,四颗白色点光源，白色扩散光源，色温6500K，仅适配ID3000XM液态款,若ID3000XM液态款出货配置为白色灯板，订单中备注：删除：202405035，添加：202405226,LT-4-X,0
配件,灯板,ID3000XM蓝光灯板,MV-25215(V1.0)-B-W-TOF,202405227,四颗蓝色点光源，白色扩散光源，光源波长465nm~475nm，仅适配ID3000XM液态款,若ID3000XM液态款出货配置为蓝色灯板，订单中备注：删除：202405035，添加：202405227,LT-4-X,0
配件,灯板,ID3000XM红外灯板,MV-25215(V1.0)-IR-W-TOF,202405876,四颗红外点光源，白色扩散光源，光源波长850nm，仅适配ID3000XM液态款,若ID3000XM液态款出货配置为红外灯板，订单中备注：删除：202405035，添加：202405876，更换红外灯板；除：202404758，添加：202404919，更换全透镜头罩,LT-4-X,0
配件,灯板,ID3000RM红光灯板,MV-25323(V1.0)-R,202407745,四颗红色点光源，光源波长620nm~630nm，仅适配ID3000RM机械款,,L-4-R,1
配件,灯板,ID3000RM白光灯板,MV-25323(V1.0)-W,202407746,四颗白色点光源，色温6500K，仅适配ID3000RM机械款,若ID3000RM出货配置为白色灯板，订单中备注：删除：202407745，添加：202407746,L-4-R,0
配件,灯板,ID3000RM蓝光灯板,MV-25323(V1.0)-B,202407747,四颗蓝色点光源，光源波长465nm~475nm，仅适配ID3000RM机械款,若ID3000RM出货配置为蓝色灯板，订单中备注：删除：202407745，添加：202407747,L-4-R,0
配件,灯板,ID3000RM红外灯板,MV-25323(V1.0)-IR,202407748,四颗红外点光源，光源波长850nm，仅适配ID3000RM机械款,若ID3000RM出货配置为红外灯板，订单中备注：删除：202407745，添加：202407748，更换红外灯板；除：202408015，添加：202408531，更换全透镜头罩,L-4-R,0
配件,灯板,ID3000RM紫外灯板,MV-25333(V1.0)-UV,202407749,四颗紫外点光源，光源波长360nm~370nm，仅适配ID3000RM机械款,若ID3000RM出货配置为紫外灯板，订单中备注：删除：190242197，添加：190244217；(更换透镜支架)；除：202407745，添加：202407749；(更换紫外灯板)；除：202408015，添加：202408531；(更换全透镜头罩)；上线需要ME联系项目经理修改维护对应的高清ID,L-4-R,0
配件,灯板,ID5060M白光灯板,MV-IDA-L-8-68-68-W(国内中性),202401337,8颗粒LED白光，色温5700K，仅适配ID5060M,,L-8-68,1
配件,灯板,ID5060M红光灯板,MV-IDA-L-8-68-68-R(国内中性),310100455,8颗粒LED红光，光源波长620nm~630nm，仅适配ID5060M,若ID5060出货配置为红光，订单中备注：删除：202401337，添加：202401329,L-8-68,0
配件,灯板,ID5060M蓝光灯板,MV-IDA-L-8-68-68-B(国内中性),310100457,8颗粒LED蓝光，光源波长465nm~475nm，仅适配ID5060M,若ID5060出货配置为蓝光，订单中备注：删除：202401337，添加：202401338,L-8-68,0
配件,灯板,ID5060M红外灯板,MV-IDA-L-8-68-68-IR(国内中性),310100456,8颗粒LED红外，光源波长850nm，仅适配ID5060M,若ID5060出货配置为红外光，订单中备注：删除：202401337，添加：202401610,L-8-68,0
配件,灯板,ID5000XM红光灯板,MV-IDA-L-8-32-47-R(国内中性),310102291,8颗粒LED红光，光源波长620nm~630nm,半成品物料：202405855（下配置订单请备注半成品物料号）,L-8-32,1
配件,灯板,ID5000XM白光灯板,MV-IDA-L-8-32-47-W(国内中性),310102288,8颗粒LED白光，色温5700K,若ID5000X/R出货配置为白光，订单中备注：删除：202405855，添加：202405856,L-8-32,0
配件,灯板,ID5000XM蓝光灯板,MV-IDA-L-8-32-47-B(国内中性),310102289,8颗粒LED蓝光，光源波长465nm~475nm,若ID5000X/R出货配置为蓝光，订单中备注：删除：202405855，添加：202405857,L-8-32,0
配件,灯板,ID5000XM红外灯板,MV-IDA-L-8-32-47-IR(国内中性),310102290,8颗粒LED红外光，光源波长850nm,若ID5000X/R出货配置为红外，订单中备注：删除：202405855，添加：202406171，更换红外灯板；除：202406694，添加：202406696，更换全透镜头罩,L-8-32,0
配件,镜头罩,ID2000XM半偏镜头罩,MV-IDA-C-Y-51.5-31.5-HP(国内中性),310102930,ID2000XM半偏镜头罩,半成品物料：202408180（下配置订单请备注半成品物料号）,C-Y-51.5,1
配件,镜头罩,ID2000XM全偏镜头罩,MV-IDA-C-Y-51.5-31.5-P(国内中性),310102929,ID2000XM全偏镜头罩,若ID2000XM出货配置为全偏镜头罩，订单中备注：删除：202408180，添加：202408532,C-Y-51.5,0
配件,镜头罩,ID2000XM全透镜头罩,MV-IDA-C-Y-51.5-31.5-T(国内中性),310102931,ID2000XM全透镜头罩,若ID2000XM出货配置为全透镜头罩，订单中备注：删除：202408180，添加：202407731,C-Y-51.5,0
配件,镜头罩,半偏镜头罩-14灯珠,MV-IDA-C-Y-62-62-HP(国内中性),310100787,ID3013PM/ID3050PM/ID5050M半偏镜头罩,半成品物料：202402547（下配置订单请备注半成品物料号）,C-Y-62-14,1
配件,镜头罩,全偏镜头罩-14灯珠,MV-IDA-C-Y-62-62-P(国内中性),310100785,ID3013PM/ID3050PM/ID5050M全偏镜头罩,若出货配置为全偏镜头罩，订单中备注：删除：202402547，添加：202402673,C-Y-62-14,0
配件,镜头罩,全透镜头罩-14灯珠,MV-IDA-C-Y-62-62-T(国内中性),310100788,ID3013PM/ID3050PM/ID5050M全透镜头罩,若出货配置为透明镜头罩，订单中备注：删除：202402547，添加：202402542,C-Y-62-14,0
配件,镜头罩,扩散镜头罩-14灯珠,MV-IDA-C-Y-62-62-K(国内中性),310101825,ID3013PM/ID3050PM/ID5050M扩散镜头罩,若出货配置为扩散镜头罩，订单中备注：删除：202402547，添加：202404885,C-Y-62-14,0
配件,镜头罩,长波通镜头罩-14灯珠,MV-IDA-C-Y-62-62-IR775(国内中性),310102605,ID3013PM/ID3050PM/ID5050M长波通镜头罩，775nm长波通，用于屏蔽工厂内部环境光干扰，通常搭配红外灯板使用,若出货配置为红外长波镜头罩，订单中备注：删除：202402547，添加：202407776,C-Y-62-14,0
配件,镜头罩,极小码配件1-14灯珠,MV-IDA-C-Y-62-62-M1,310101674,ID3013PM/ID3050PM/ID5050M极小码配件1，对焦距离34~47mm，读码精度可达0.012mm，建议采用倾斜8°-15°的架设方式,若出货配置为极小码配件一，订单中备注：删除：202402547，添加：202404355,C-Y-62-14,0
配件,镜头罩,极小码配件2-14灯珠,MV-IDA-C-Y-62-62-M2,310101675,ID3013PM/ID3050PM/ID5050M极小码配件2，对焦距离42~76mm，读码精度可达0.016mm，建议采用倾斜8°-15°的架设方式,若出货配置为极小码配件二，订单中备注：删除：202402547，添加：202404356,C-Y-62-14,0
配件,镜头罩,全透镜头罩-8灯珠,MV-IDA-C-N-62-62-T(国内中性),190214704,ID3013PM-8/ID3016PM透明镜头罩,半成品物料：190214704（下配置订单请备注半成品物料号）,C-Y-62-8,1
配件,镜头罩,全偏镜头罩-8灯珠,MV-IDA-C-N-62-62-P(国内中性),310100046,ID3013PM-8/ID3016PM偏振镜头罩,若ID3013-8/ID3016出货配置为全偏镜头罩，订单中备注：删除：190214704，添加：202402640,C-Y-62-8,0
配件,镜头罩,ID3000XM半偏镜头罩,V-读码器018-上盖点胶组件/半偏振,202404758,仅4颗灯珠区域为半偏，底部任为扩散，仅适配ID3000XM,ID3000XM半成品物料,C-Y-61-X,1
配件,镜头罩,ID3000XM全透镜头罩,V-读码器018-上盖点胶组件/全透,202404919,仅4颗灯珠区域为全透，底部任为扩散，仅适配ID3000XM,若ID3000XM出货配置为全透镜头罩，订单中备注：删除：202404758，添加：202404919,C-Y-61-X,0
配件,镜头罩,ID3000XM全偏镜头罩,V-读码器018-上盖点胶组件/全偏振,202404836,仅4颗灯珠区域为全偏，底部任为扩散，仅适配ID3000XM,若ID3000XM出货配置为全偏镜头罩，订单中备注：删除：202404758，添加：202404836,C-Y-61-X,0
配件,镜头罩,ID3000XM半偏镜头罩,V-读码器018-上盖3点胶组件/半偏振,202408451,仅4颗灯珠区域为半偏，底部任为扩散，仅适配ID3000XM V3.0,ID3000XM V3.0半成品物料,C-Y-61-3,1
配件,镜头罩,ID3000XM全偏镜头罩,V-读码器018-上盖3点胶组件/全偏振,202409861,仅4颗灯珠区域为全偏，底部任为扩散，仅适配ID3000XM V3.0,若ID3000XM V3.0出货配置为全偏镜头罩，订单中备注：删除：202408451，添加：202409861,C-Y-61-3,0
配件,镜头罩,ID3000XM全透镜头罩,V-读码器018-上盖3点胶组件/全透,202409862,仅4颗灯珠区域为全透，底部任为扩散，仅适配ID3000XM V3.0,若ID3000XM V3.0出货配置为全透镜头罩，订单中备注：删除：202408451，添加：202409862,C-Y-61-3,0
配件,镜头罩,ID3000RM半偏镜头罩,V-读码器018-上盖点胶组件/无扩散/半偏振,202408015,仅4颗灯珠区域为半偏，仅适配ID3000RM,,C-Y-61-R,1
配件,镜头罩,ID3000RM全偏镜头罩,V-读码器018-上盖点胶组件/无扩散/全偏振,202408530,仅4颗灯珠区域为全偏，仅适配ID3000RM,若ID3000RM出货配置为全偏镜头罩，订单中备注：删除：202408015，添加：202408530,C-Y-61-R,0
配件,镜头罩,ID3000RM全透镜头罩,V-读码器018-上盖点胶组件/无扩散/全透,202408531,仅4颗灯珠区域为全透，仅适配ID3000RM,若ID300RXM出货配置为全透镜头罩，订单中备注：删除：202408015，添加：202408531,C-Y-61-R,0
配件,镜头罩,ID5060M全透镜头罩,MV-IDA-C-N-78-78-T,190240954,ID5060M全透镜头罩,,C-N-78,1
配件,镜头罩,ID5060M全偏镜头罩,MV-IDA-C-N-78-78-P,310100454,ID5060M全偏镜头罩,若ID5060出货配置为全偏镜头罩，订单中备注：删除：190240954，添加：190219579,C-N-78,0
配件,镜头罩,ID5060M扩散镜头罩,MV-IDA-C-N-78-78-K,310102438,ID5060M扩散镜头罩,若ID5060出货配置为扩散镜头罩，订单中备注：删除：190240954，添加：102203992,C-N-78,0
配件,镜头罩,ID5060M偏振扩散镜头罩,MV-IDA-C-N-78-78-PK,102205250,ID5060M偏振扩散镜头罩,若ID5060出货配置为偏振扩散镜头罩，订单中备注：删除：190240954，添加：102205250,C-N-78,0
配件,镜头罩,ID5000XM半偏镜头罩,MV-IDA-C-Y-41-56-H,202406694,ID5000XM标配半偏镜头罩,,C-Y-41,1
配件,镜头罩,ID5000XM全偏镜头罩,MV-IDA-C-Y-41-56-P(国内中性),310102293,ID5000XR全偏镜头罩,若ID5000X/R出货配置为全偏，订单中备注：删除：202406694，添加：202406695,C-Y-41,0
配件,镜头罩,ID5000XM全透镜头罩,MV-IDA-C-Y-41-56-T(国内中性),310102294,ID5000XR透明镜头罩,若ID5000X/R出货配置为全透，订单中备注：删除：202406694，添加：202406696,C-Y-41,0
配件,FA镜头,MF系列,MVL-MF0828M-8MP(全球通中性),310100632,FA镜头，8mm，F2.8，2/3英寸，8MP，C接口,,MF,0
配件,FA镜头,MF系列,MVL-MF1228M-8MP(全球通中性),310100633,FA镜头，12mm，F2.8，2/3英寸，8MP，C接口,,MF,0
配件,FA镜头,MF系列,MVL-MF1628M-8MP(全球通中性),310100634,FA镜头，16mm，F2.8，2/3英寸，8MP，C接口,,MF,0
配件,FA镜头,MF系列,MVL-MF2528M-8MP(全球通中性),310100635,FA镜头，25mm，F2.8，2/3英寸，8MP，C接口,,MF,0
配件,FA镜头,MF系列,MVL-MF3528M-8MP(全球通中性),310100636,FA镜头，35mm，F2.8，2/3英寸，8MP，C接口,,MF,0
配件,FA镜头,MF系列,MVL-MF5028M-8MP(全球通中性),310100637,FA镜头，50mm，F2.8，2/3英寸，8MP，C接口,,MF,0
配件,FA镜头,KF系列,MVL-KF0818M-12MP(中性),310101752,8mm焦距，12MP分辨率镜头，1‘’，F1.8，C接口,,KF,0
配件,FA镜头,KF系列,MVL-KF1228M-12MP(全球通中性),310102032,12mm焦距，12MP分辨率镜头，1.1‘’，F2.8，C接口,,KF,0
配件,FA镜头,KF系列,MVL-KF1628M-12MP(全球通中性),310102033,16mm焦距，12MP分辨率镜头，1.1‘’，F2.8，C接口,,KF,0
配件,FA镜头,KF系列,MVL-KF2528M-12MP(全球通中性),310102034,25mm焦距，12MP分辨率镜头，1.1‘’，F2.8，C接口,,KF,0
配件,FA镜头,KF系列,MVL-KF3528M-12MP(全球通中性),310102035,35mm焦距，12MP分辨率镜头，1.1‘’，F2.8，C接口,,KF,0
配件,FA镜头,KF系列,MVL-KF5028M-12MP(全球通中性),310102036,50mm焦距，12MP分辨率镜头，1.1‘’，F2.8，C接口,,KF,0
配件,扩展配件,隔离支架,ID2000M隔离支架,190234947,V-读码器035-隔离支架适配ID2000系列基线型号使用，配合安装支架使用，相机孔位M2,,Iso-Braket,0
配件,扩展配件,IO盒子,MV-IDA-IO-22(国内中性),310101339,仅适配ID2013EM网口型号使用，6路IO，可直接搭配优化版本线缆绿色端子头使用,单独包装盒，单独出货,IO-BOX2,0
配件,扩展配件,IO盒子,MV-IDA-IO-33(国内中性)V2.0,310102379,适配ID2000M系列网口型号使用，内嵌光耦隔离IO，8路IO,,IO-BOX3,1
配件,扩展配件,ID3000XM-极小码配件,MV-IDA-C-Y-61-45-M(国内中性),310102058,极小码配件，小码识别能力：0.006mm,,C-Y-61-M,0
配件,扩展配件,ID3000XM-YAG防护罩,MV-IDA-C-Y-61-45-YAG(国内中性),310102059,激光防护罩，防护1064nm激光漫射,,C-Y-61-Y,0
配件,扩展配件,ID3000XM-ESD防护罩,MV-IDA-C-Y-61-45-ESD(国内中性),310102060,静电防护罩，复合IEC61340-5-1：2016防静电要求,,C-Y-61-E,0
配件,扩展配件,ID3000XM-匀光罩,MV-IDA-C-Y-61-45-DOME(国内中性),310102061,匀光罩，适合金属拉丝反光场景,,C-Y-61-D,0
配件,扩展配件,ID5000XM-ESD防护罩,MV-IDA-C-Y-41-56-ESD(国内中性),310102292,静电防护罩，复合IEC61340-5-1：2016防静电要求,,C-Y-41-E,0
配件,扩展配件,ID5000XM红色全透爆闪光源,MV-IDA-SL-16-M-RBN(全球通中性),310103191,适配M口型号，红色16颗补光灯，全透镜头罩，亮度最大可达自带光源的3倍以上,,SL-16-M,0
配件,扩展配件,ID5000XM红色全偏爆闪光源,MV-IDA-SL-16-M-RBP(全球通中性),310102928,适配M口型号，红色16颗补光灯，全偏镜头罩，亮度最大可达自带光源的3倍以上,,SL-16-M,0
配件,扩展配件,ID5000XM白色全透爆闪光源,MV-IDA-SL-16-M-WBN(全球通中性),310103032,适配M口型号，白色16颗补光灯，全透镜头罩，亮度最大可达自带光源的3倍以上,,SL-16-M,0
配件,扩展配件,ID5000XM白色全偏爆闪光源,MV-IDA-SL-16-M-WBP(全球通中性),310103190,适配M口型号，白色16颗补光灯，全偏镜头罩，亮度最大可达自带光源的3倍以上,,SL-16-M,0
配件,扩展配件,ID5000XM蓝色全透爆闪光源,MV-IDA-SL-16-M-BBN(全球通中性),310103192,适配M口型号，蓝色16颗补光灯，全透镜头罩，亮度最大可达自带光源的3倍以上,,SL-16-M,0
配件,扩展配件,ID5000XM蓝色全偏爆闪光源,MV-IDA-SL-16-M-BBP(全球通中性),310103193,适配M口型号，蓝色16颗补光灯，全偏镜头罩，亮度最大可达自带光源的3倍以上,,SL-16-M,0
配件,扩展配件,ID5000XM红色全透爆闪光源,MV-IDA-SL-16-C-RBN(全球通中性),310103194,适配C口型号，红色16颗补光灯，全透镜头罩，亮度最大可达自带光源的3倍以上,,SL-16-C,0
配件,扩展配件,ID5000XM红色全偏爆闪光源,MV-IDA-SL-16-C-RBP(全球通中性),310103074,适配C口型号，红色16颗补光灯，全偏镜头罩，亮度最大可达自带光源的3倍以上,,SL-16-C,0
配件,扩展配件,ID5000XM白色全透爆闪光源,MV-IDA-SL-16-C-WBN(全球通中性),310103088,适配C口型号，白色16颗补光灯，全透镜头罩，亮度最大可达自带光源的3倍以上,,SL-16-C,0
配件,扩展配件,ID5000XM白色全偏爆闪光源,MV-IDA-SL-16-C-WBP(全球通中性),310103195,适配C口型号，白色16颗补光灯，全偏镜头罩，亮度最大可达自带光源的3倍以上,,SL-16-C,0
配件,扩展配件,ID5000XM蓝色全透爆闪光源,MV-IDA-SL-16-C-BBN(全球通中性),310103197,适配C口型号，蓝色16颗补光灯，全透镜头罩，亮度最大可达自带光源的3倍以上,,SL-16-C,0
配件,扩展配件,ID5000XM蓝色全偏爆闪光源,MV-IDA-SL-16-C-BBP(全球通中性),310103196,适配C口型号，蓝色16颗补光灯，全偏镜头罩，亮度最大可达自带光源的3倍以上,,SL-16-C,0
配件,扩展配件,ID5000XM-蓝色微码光源,MV-IDA-LY-02-76C-20B2(全球通中性),310103150,适配C口型号，蓝色 20 颗补光灯，暗场光源，工作距离76mm,,LY-02,0
配件,扩展配件,ID5000XM-红色微码光源,MV-IDA-LY-02-76C-20R2(全球通中性),310103149,适配C口型号，红色 20 颗补光灯，暗场光源，工作距离76mm,,LY-02,0
配件,扩展配件,ID5000XM-蓝色微码光源,MV-IDA-LY-02-76C-61B8(全球通中性),310103148,适配C口型号，蓝色 61 颗补光灯，明暗场光源，工作距离76mm,,LY-02,0
配件,扩展配件,ID5000XM-红色微码光源,MV-IDA-LY-02-76C-61R8(全球通中性),310103147,适配C口型号，红色 61 颗补光灯，明暗场光源，工作距离76mm,,LY-02,0
配件,扩展配件,物流大灯,MV-LB-270-140-4030WL-A,310100510,物流光源，在某些场合可搭配ID5120/ID5200/ID5200P使用；需要更换物料内 相机安装板,"若ID5000C口搭配物流大灯，相机钣金需要调整，订单中备注：删除：190170125，添加：190175190；配合读码器使用时，相机与光源的连接线需要额外配置下单：光源触发线：310102111, 光源触发线,TB2A10P转open,7m,黑；相机触发线：310102110, ,M12A12F转TB2A12S ,50cm,黑",LB-270,0
配件,扩展配件,ID2000XM白色全透爆闪光源,MV-IDA-BCL-A-WHN-TOF(全球通中性),310103168,白色20颗补光灯，全透镜头罩，亮度最大可达自带光源的2.5倍以上,,BCL-A,0
配件,扩展配件,IDH2000电池,U可充电锂离子电池,101900824,"3.7V,2700mA*h,带卡扣",不可拆卸，不推荐客户更换,LIB-2,1
配件,扩展配件,IDH3000电池,MV-IDH3013B-BATTERY-01,101901181,"CMV-IDH3013B-BATTERY-01,3.6V3150mAh,TI",不可拆卸，不推荐客户更换,LIB-3,1
配件,扩展配件,IDH7000电池,MV-IDA-H70-BATTERY-01,101900934,"CMV-IDA-H70-BATTERY-01,3.6V3150mAh,TI",,LIB-7,1
配件,扩展配件,IDH9000电池,MV-IDA-H90B–BATTERY-02,101901097,"3.69V,4650mAh,可更换",,LIB-9,1
配件,扩展配件,IDH2000RF底座,MV-IDH2000RF/CBASE/U(国内标配)无包装,313201764,IDH2000RF无线手持巴枪底座，USB接口,,CBRF2H,1
配件,扩展配件,IDH2000RF底座,MV-IDH2000RF/CBASE/U(国内标配),313201624,IDH2000RF无线手持巴枪底座，USB接口,,CBRF2H,0
配件,扩展配件,IDH2000RF底座,MV-IDH2000RF/CBASE/U(国内中性)无包装,313201798,IDH2000RF无线手持巴枪底座，USB接口,,CBRF2N,1
配件,扩展配件,IDH2000RF底座,MV-IDH2000RF/CBASE/U(国内中性),313201806,IDH2000RF无线手持巴枪底座，USB接口,,CBRF2N,0
配件,扩展配件,IDH2000B底座,MV-IDH2000B/CBASE/U(国内标配)无包装,313201942,IDH2000B、IDH2000PB无线手持巴枪底座，USB接口,,CBB2H,1
配件,扩展配件,IDH2000B底座,MV-IDH2000B/CBASE/U(国内标配),313201939,IDH2000B、IDH2000PB无线手持巴枪底座，USB接口,,CBB2H,0
配件,扩展配件,IDH2000B底座,MV-IDH2000B/CBASE/U(国内中性)无包装,313201943,IDH2000B、IDH2000PB无线手持巴枪底座，USB接口,,CBB2N,1
配件,扩展配件,IDH2000B底座,MV-IDH2000B/CBASE/U(国内中性),313201938,IDH2000B、IDH2000PB无线手持巴枪底座，USB接口,,CBB2N,0
配件,扩展配件,IDH3000B底座U口,MV-IDH3000B/SBASE/U/国内版无包装V3.0,313202529,IDH3000B无线巴枪底座，USB口接口,,CBB3H-U,1
配件,扩展配件,IDH3000B底座U口,MV-IDH3000B/SBASE/U(国内标配)V3.0,313203048,IDH3000B无线巴枪底座，USB口接口,,CBB3H-U,0
配件,扩展配件,IDH3000B底座U口,MV-IDH3000B/SBASE/U(国内中性)V3.0,313203047,IDH3000B无线巴枪底座，USB口接口,,CBB3N-U,0
配件,扩展配件,IDH3000B底座网口,MV-IDH3000B/SBASE/L/国内版无包装V3.0,313202528,IDH3000B无线巴枪底座，网口接口,,CBB3H-L,1
配件,扩展配件,IDH3000B底座网口,MV-IDH3000B/SBASE/L(国内标配)V3.0,313203052,IDH3000B无线巴枪底座，网口接口,,CBB3H-L,0
配件,扩展配件,IDH3000B底座网口,MV-IDH3000B/SBASE/L(国内中性)V3.0,313203051,IDH3000B无线巴枪底座，网口接口,,CBB3N-L,0
配件,扩展配件,IDH3000B底座网口,MV-IDH3000B/SBASE/LE/国内版无包装V3.0,313202543,IDH3000B无线巴枪底座，网口接口，支持工业协议,,CBB3H-LE,1
配件,扩展配件,IDH3000B底座网口,MV-IDH3000B/SBASE/LE(国内标配)V3.0,313203056,IDH3000B无线巴枪底座，网口接口，支持工业协议,,CBB3H-LE,0
配件,扩展配件,IDH3000B底座网口,MV-IDH3000B/SBASE/LE(国内中性)V3.0,313203055,IDH3000B无线巴枪底座，网口接口，支持工业协议,,CBB3N-LE,0
配件,扩展配件,IDH7000B底座网口,MV-IDH7000B/SBASE/U/国内版无包装,313201360,IDH7000B无线巴枪底座，USB接口,,CBB7H-U,1
配件,扩展配件,IDH7000B底座网口,MV-IDH7000B/SBASE/U(国内标配),313200606,IDH7000B无线巴枪底座，USB接口,,CBB7H-U,0
配件,扩展配件,IDH7000B底座网口,MV-IDH7000B/SBASE/U(国内中性),313200615,IDH7000B无线巴枪底座，USB接口,,CBB7N-U,0
配件,扩展配件,IDH7000B底座网口,MV-IDH7000B/SBASE/L/国内版无包装,313201362,IDH7000B无线巴枪底座，网口接口,,CBB7H-L,1
配件,扩展配件,IDH7000B底座网口,MV-IDH7000B/SBASE/L(国内标配),313200617,IDH7000B无线巴枪底座，网口接口,,CBB7H-L,0
配件,扩展配件,IDH7000B底座网口,MV-IDH7000B/SBASE/L(国内中性),313200908,IDH7000B无线巴枪底座，网口接口,,CBB7N-L,0
配件,扩展配件,IDH9000B底座网口,MV-IDH9000B/SBASE/U/国内标配无包装,313202515,IDH9000B无线巴枪底座，USB接口,,CBB9H-U,1
配件,扩展配件,IDH9000B底座网口,MV-IDH9000B/SBASE/U(国内标配),313202140,IDH9000B无线巴枪底座，USB接口,,CBB9H-U,0
配件,扩展配件,IDH9000B底座网口,MV-IDH9000B/SBASE/U/国内标配无包装,313202515,IDH9000B无线巴枪底座，USB接口,,CBB9H-U,1
配件,扩展配件,IDH9000B底座网口,MV-IDH9000B/SBASE/U(国内中性),313202579,IDH9000B无线巴枪底座，USB接口,,CBB9N-U,0
配件,扩展配件,IDH9000B底座网口,MV-IDH9000B/SBASE/L/国内标配无包装,313202516,IDH9000B无线巴枪底座，网口接口,,CBB9H-L,1
配件,扩展配件,IDH9000B底座网口,MV-IDH9000B/SBASE/L(国内标配),313202141,IDH9000B无线巴枪底座，网口接口,,CBB9H-L,0
配件,扩展配件,IDH9000B底座网口,MV-IDH9000B/SBASE/L/国内中性无包装,313202741,IDH9000B无线巴枪底座，网口接口,,CBB9N-L,1
配件,扩展配件,IDH9000B底座网口,MV-IDH9000B/SBASE/L(国内中性),313202580,IDH9000B无线巴枪底座，网口接口,,CBB9N-L,0
