产品系列,基线型号,基线代码,经销型号,经销代码
ID803系列,MV-ID803M-03S-WBN-SR-U(国内标配),313201715,MV-IDA02X-03WSU(国内标配),328500153
ID803系列,MV-ID803M-03S-WBN-SR-U(国内中性),313201712,MV-IDA02X-03WSU(国内中性),328500154
ID803系列,MV-ID803M-03S-WBP-SR-U(国内标配),313202189,MV-IDA02X-03WSPU(国内标配),328500287
ID803系列,MV-ID803M-03S-WBP-SR-U(国内中性),313202191,MV-IDA02X-03WSPU(国内中性),328500288
ID803系列,MV-ID803M-03S-WBN-SR-R(国内标配),313201714,MV-IDA02X-03WSR(国内标配),328500159
ID803系列,MV-ID803M-03S-WBN-SR-R(国内中性),313201713,MV-IDA02X-03WSR(国内中性),328500160
ID803系列,MV-ID803M-03S-WBP-SR-R(国内标配),313202193,MV-IDA02X-03WSPR(国内标配),328500289
ID803系列,MV-ID803M-03S-WBP-SR-R(国内中性),313202192,MV-IDA02X-03WSPR(国内中性),328500290
ID803系列,MV-ID803M-03S-WBN-SR(国内标配),313202187,MV-IDA02X-03WS(国内标配),328500413
ID803系列,MV-ID803M-03S-WBN-SR(国内中性),313202188,MV-IDA02X-03WS(国内中性),328500414
ID803系列,MV-ID803M-03S-WBP-SR(国内标配),313202286,MV-IDA02X-03WSP(国内标配),328500415
ID803系列,MV-ID803M-03S-WBP-SR(国内中性),313202287,MV-IDA02X-03WSP(国内中性),328500416
ID813系列,MV-ID813M-05S-WBN-SR-U(国内标配)　,313201493,MV-IDA05X-05WSU(国内标配),328500149
ID813系列,MV-ID813M-05S-WBN-SR-U(国内中性),313201518,MV-IDA05X-05WSU(国内中性),328500150
ID813系列,MV-ID813M-05S-WBP-SR-U(国内标配),313202198,MV-IDA05X-05WSPU(国内标配),328500291
ID813系列,MV-ID813M-05S-WBP-SR-U(国内中性),313202200,MV-IDA05X-05WSPU(国内中性),328500292
ID813系列,MV-ID813M-05S-WBN-NR-U(国内标配)　,313201494,MV-IDA05X-05WNU(国内标配),328500151
ID813系列,MV-ID813M-05S-WBN-NR-U(国内中性),313201519,MV-IDA05X-05WNU(国内中性),328500152
ID813系列,MV-ID813M-05S-WBP-NR-U(国内标配),313202197,MV-IDA05X-05WNPU(国内标配),328500293
ID813系列,MV-ID813M-05S-WBP-NR-U(国内中性),313202196,MV-IDA05X-05WNPU(国内中性),328500294
ID813系列,MV-ID813M-05S-WBN-SR-R(国内标配)　,313201495,MV-IDA05X-05WSR(国内标配),328500156
ID813系列,MV-ID813M-05S-WBN-SR-R(国内中性),313201520,MV-IDA05X-05WSR(国内中性),328500155
ID813系列,MV-ID813M-05S-WBP-SR-R(国内标配),313202204,MV-IDA05X-05WSPR(国内标配),328500295
ID813系列,MV-ID813M-05S-WBP-SR-R(国内中性),313202205,MV-IDA05X-05WSPR(国内中性),328500296
ID813系列,MV-ID813M-05S-WBN-NR-R(国内标配)　,313201496,MV-IDA05X-05WNR(国内标配),328500157
ID813系列,MV-ID813M-05S-WBN-NR-R(国内中性),313201521,MV-IDA05X-05WNR(国内中性),328500158
ID813系列,MV-ID813M-05S-WBP-NR-R(国内标配),313202203,MV-IDA05X-05WNPR(国内标配),328500297
ID813系列,MV-ID813M-05S-WBP-NR-R(国内中性),313202201,MV-IDA05X-05WNPR(国内中性),328500298
ID813系列,MV-ID813M-05S-WBN-SR(国内标配),313202251,MV-IDA05X-05WS(国内标配),328500417
ID813系列,MV-ID813M-05S-WBN-SR(国内中性),313202252,MV-IDA05X-05WS(国内中性),328500418
ID813系列,MV-ID813M-05S-WBP-SR(国内标配),313202259,MV-IDA05X-05WSP(国内标配),328500419
ID813系列,MV-ID813M-05S-WBP-SR(国内中性),313202260,MV-IDA05X-05WSP(国内中性),328500420
ID813系列,MV-ID813M-05S-WBN-NR(国内标配),313202253,MV-IDA05X-05WN(国内标配),328500421
ID813系列,MV-ID813M-05S-WBN-NR(国内中性),313202254,MV-IDA05X-05WN(国内中性),328500422
ID813系列,MV-ID813M-05S-WBP-NR(国内标配),313202261,MV-IDA05X-05WNP(国内标配),328500423
ID813系列,MV-ID813M-05S-WBP-NR(国内中性),313202262,MV-IDA05X-05WNP(国内中性),328500424
ID2013EMI系列V2.0,MV-ID2013EMI-05-RBN(国内标配)V2.0,313202276,MV-IDB005EXI-05R(国内标配)V2.0,328500300
ID2013EMI系列V2.0,MV-ID2013EMI-05-RBN(国内中性)V2.0,313202455,MV-IDB005EXI-05R(国内中性)V2.0,328500321
ID2013EMI系列V2.0,MV-ID2013EMI-05-RBP(国内标配)V2.0,313202460,MV-IDB005EXI-05RP(国内标配)V2.0,328500326
ID2013EMI系列V2.0,MV-ID2013EMI-05-RBP(国内中性)V2.0,313202454,MV-IDB005EXI-05RP(国内中性)V2.0,328500320
ID2013EMI系列V2.0,MV-ID2013EMI-05-WBN(国内标配)V2.0,313202463,MV-IDB005EXI-05W(国内标配)V2.0,328500328
ID2013EMI系列V2.0,MV-ID2013EMI-05-WBN(国内中性)V2.0,313202457,MV-IDB005EXI-05W(国内中性)V2.0,328500323
ID2013EMI系列V2.0,MV-ID2013EMI-05-WBP(国内标配)V2.0,313202464,MV-IDB005EXI-05WP(国内标配)V2.0,328500329
ID2013EMI系列V2.0,MV-ID2013EMI-05-WBP(国内中性)V2.0,313202456,MV-IDB005EXI-05WP(国内中性)V2.0,328500322
ID2013EMI系列V2.0,MV-ID2013EMI-05-RBN-U(国内标配)V2.0,313202277,MV-IDB005EXI-05RU(国内标配)V2.0,328500301
ID2013EMI系列V2.0,MV-ID2013EMI-05-RBN-U(国内中性)V2.0,313202451,MV-IDB005EXI-05RU(国内中性)V2.0,328500317
ID2013EMI系列V2.0,MV-ID2013EMI-05-RBP-U(国内标配)V2.0,313202458,MV-IDB005EXI-05RPU(国内标配)V2.0,328500324
ID2013EMI系列V2.0,MV-ID2013EMI-05-RBP-U(国内中性)V2.0,313202450,MV-IDB005EXI-05RPU(国内中性)V2.0,328500316
ID2013EMI系列V2.0,MV-ID2013EMI-05-WBN-U(国内标配)V2.0,313202462,MV-IDB005EXI-05WU(国内标配)V2.0,328500327
ID2013EMI系列V2.0,MV-ID2013EMI-05-WBN-U(国内中性)V2.0,313202453,MV-IDB005EXI-05WU(国内中性)V2.0,328500319
ID2013EMI系列V2.0,MV-ID2013EMI-05-WBP-U(国内标配)V2.0,313202459,MV-IDB005EXI-05WPU(国内标配)V2.0,328500325
ID2013EMI系列V2.0,MV-ID2013EMI-05-WBP-U(国内中性)V2.0,313202452,MV-IDB005EXI-05WPU(国内中性)V2.0,328500318
ID2013EMI系列V2.0,MV-ID2013EMI-05N-RBN(国内标配)V2.0,313202278,MV-IDB005EXI-05NR(国内标配)V2.0,328500302
ID2013EMI系列V2.0,MV-ID2013EMI-05N-RBN(国内中性)V2.0,313202496,MV-IDB005EXI-05NR(国内中性)V2.0,328500343
ID2013EMI系列V2.0,MV-ID2013EMI-05N-RBP(国内标配)V2.0,313202494,MV-IDB005EXI-05NRP(国内标配)V2.0,328500342
ID2013EMI系列V2.0,MV-ID2013EMI-05N-RBP(国内中性)V2.0,313202493,MV-IDB005EXI-05NRP(国内中性)V2.0,328500341
ID2013EMI系列V2.0,MV-ID2013EMI-05N-RBN-U(国内标配)V2.0,313202279,MV-IDB005EXI-05NRU(国内标配)V2.0,328500303
ID2013EMI系列V2.0,MV-ID2013EMI-05N-RBN-U(国内中性)V2.0,313202491,MV-IDB005EXI-05NRU(国内中性)V2.0,328500340
ID2013EMI系列V2.0,MV-ID2013EMI-03N-RBN(国内标配)V2.0,313202501,无经销型号,
ID2013EMI系列V2.0,MV-ID2013EMI-03N-RBN(国内中性)V2.0,313202499,无经销型号,
ID2013EMI系列V2.0,MV-ID2013EMI-03N-RBP(国内标配)V2.0,313202502,无经销型号,
ID2013EMI系列V2.0,MV-ID2013EMI-03N-RBP(国内中性)V2.0,313202500,无经销型号,
ID2013EMI系列V2.0,MV-ID2013EMI-05H-RBN(国内标配)V2.0,313202280,MV-IDB005EXI-05HR(国内标配)V2.0,328500304
ID2013EMI系列V2.0,MV-ID2013EMI-05H-RBN(国内中性)V2.0,313202481,MV-IDB005EXI-05HR(国内中性)V2.0,328500339
ID2013EMI系列V2.0,MV-ID2013EMI-05H-RBP(国内标配)V2.0,313202479,MV-IDB005EXI-05HRP(国内标配)V2.0,328500338
ID2013EMI系列V2.0,MV-ID2013EMI-05H-RBP(国内中性)V2.0,313202478,MV-IDB005EXI-05HRP(国内中性)V2.0,328500337
ID2013EMI系列V2.0,MV-ID2013EMI-05H-RBN-U(国内标配)V2.0,313202281,MV-IDB005EXI-05HRU(国内标配)V2.0,328500305
ID2013EMI系列V2.0,MV-ID2013EMI-05H-RBN-U(国内中性)V2.0,313202476,MV-IDB005EXI-05HRU(国内中性)V2.0,328500336
ID2013EMI系列V2.0,MV-ID2013EMI-05-RBN-S(国内标配)V2.0,313202282,MV-IDB005EXI-05RS(国内标配)V2.0,328500306
ID2013EMI系列V2.0,MV-ID2013EMI-05-RBN-S(国内中性)V2.0,313202440,MV-IDB005EXI-05RS(国内中性)V2.0,328500315
ID2013EMI系列V2.0,MV-ID2013EMI-05-RBN-SU(国内标配)V2.0,313202283,MV-IDB005EXI-05RSU(国内标配)V2.0,328500307
ID2013EMI系列V2.0,MV-ID2013EMI-05-RBN-SU(国内中性)V2.0,313202435,MV-IDB005EXI-05RSU(国内中性)V2.0,328500310
ID2013EMI系列V2.0,MV-ID2013EMI-05-RBP-S(国内标配)V2.0,313202438,MV-IDB005EXI-05RPS(国内标配)V2.0,328500313
ID2013EMI系列V2.0,MV-ID2013EMI-05-RBP-S(国内中性)V2.0,313202439,MV-IDB005EXI-05RPS(国内中性)V2.0,328500314
ID2013EMI系列V2.0,MV-ID2013EMI-05-RBP-SU(国内标配)V2.0,313202437,MV-IDB005EXI-05RPSU(国内标配)V2.0,328500312
ID2013EMI系列V2.0,MV-ID2013EMI-05-RBP-SU(国内中性)V2.0,313202436,MV-IDB005EXI-05RPSU(国内中性)V2.0,328500311
ID2013EMI系列V2.0,MV-ID2013EMI-05N-RBN-S(国内标配)V2.0,313202489,无经销型号,
ID2013EMI系列V2.0,MV-ID2013EMI-05N-RBN-S(国内中性)V2.0,313202487,无经销型号,
ID2013EMI系列V2.0,MV-ID2013EMI-05N-RBN-SU(国内标配)V2.0,313202488,无经销型号,
ID2013EMI系列V2.0,MV-ID2013EMI-05N-RBN-SU(国内中性)V2.0,313202486,无经销型号,
ID2013EMI系列V2.0,MV-ID2013EMI-05H-RBN-S(国内标配)V2.0,313202474,无经销型号,
ID2013EMI系列V2.0,MV-ID2013EMI-05H-RBN-S(国内中性)V2.0,313202472,无经销型号,
ID2013EMI系列V2.0,MV-ID2013EMI-05H-RBN-SU(国内标配)V2.0,313202473,无经销型号,
ID2013EMI系列V2.0,MV-ID2013EMI-05H-RBN-SU(国内中性)V2.0,313202471,无经销型号,
ID2013EMI系列V2.0,MV-ID2013EPI-05-RBN(国内标配)V2.0,313202284,MV-IDB005EPI-05R(国内标配)V2.0,328500308
ID2013EMI系列V2.0,MV-ID2013EPI-05-RBN(国内中性)V2.0,313202470,MV-IDB005EPI-05R(国内中性)V2.0,328500335
ID2013EMI系列V2.0,MV-ID2013EPI-05-RBP(国内标配)V2.0,313202468,MV-IDB005EPI-05RP(国内标配)V2.0,328500333
ID2013EMI系列V2.0,MV-ID2013EPI-05-RBP(国内中性)V2.0,313202467,MV-IDB005EPI-05RP(国内中性)V2.0,328500332
ID2013EMI系列V2.0,MV-ID2013EPI-05-RBN-U(国内标配)V2.0,313202285,MV-IDB005EPI-05RU(国内标配)V2.0,328500309
ID2013EMI系列V2.0,MV-ID2013EPI-05-RBN-U(国内中性)V2.0,313202469,MV-IDB005EPI-05RU(国内中性)V2.0,328500334
ID2013EMI系列V2.0,MV-ID2013EPI-05-RBP-U(国内标配)V2.0,313202465,MV-IDB005EPI-05RPU(国内标配)V2.0,328500330
ID2013EMI系列V2.0,MV-ID2013EPI-05-RBP-U(国内中性)V2.0,313202466,MV-IDB005EPI-05RPU(国内中性)V2.0,328500331
ID2013EM系列V1.5,MV-ID2013EM-05-RBN(国内标配)V1.5,313202325,MV-IDB005EX-05R(国内标配)V1.5,328500286
ID2013EM系列V1.5,MV-ID2013EM-05-RBN(国内中性)V1.5,313202389,MV-IDB005EX-05R(国内中性)V1.5,328500285
ID2013EM系列V1.5,MV-ID2013EM-05-RBP(国内标配)V1.5,313202341,MV-IDB005EX-05RP(国内标配)V1.5,328500270
ID2013EM系列V1.5,MV-ID2013EM-05-RBP(国内中性)V1.5,313202388,MV-IDB005EX-05RP(国内中性)V1.5,328500269
ID2013EM系列V1.5,MV-ID2013EM-05-WBN(国内标配)V1.5,313202344,MV-IDB005EX-05W(国内标配)V1.5,328500266
ID2013EM系列V1.5,MV-ID2013EM-05-WBN(国内中性)V1.5,313202391,MV-IDB005EX-05W(国内中性)V1.5,328500265
ID2013EM系列V1.5,MV-ID2013EM-05-WBP(国内标配)V1.5,313202345,MV-IDB005EX-05WP(国内标配)V1.5,328500262
ID2013EM系列V1.5,MV-ID2013EM-05-WBP(国内中性)V1.5,313202390,MV-IDB005EX-05WP(国内中性)V1.5,328500261
ID2013EM系列V1.5,MV-ID2013EM-05-RBN-U(国内标配)V1.5,313202328,MV-IDB005EX-05RU(国内标配)V1.5,328500284
ID2013EM系列V1.5,MV-ID2013EM-05-RBN-U(国内中性)V1.5,313202385,MV-IDB005EX-05RU(国内中性)V1.5,328500283
ID2013EM系列V1.5,MV-ID2013EM-05-RBP-U(国内标配)V1.5,313202339,MV-IDB005EX-05RPU(国内标配)V1.5,328500268
ID2013EM系列V1.5,MV-ID2013EM-05-RBP-U(国内中性)V1.5,313202384,MV-IDB005EX-05RPU(国内中性)V1.5,328500267
ID2013EM系列V1.5,MV-ID2013EM-05-WBN-U(国内标配)V1.5,313202343,MV-IDB005EX-05WU(国内标配)V1.5,328500264
ID2013EM系列V1.5,MV-ID2013EM-05-WBN-U(国内中性)V1.5,313202387,MV-IDB005EX-05WU(国内中性)V1.5,328500263
ID2013EM系列V1.5,MV-ID2013EM-05-WBP-U(国内标配)V1.5,313202340,MV-IDB005EX-05WPU(国内标配)V1.5,328500260
ID2013EM系列V1.5,MV-ID2013EM-05-WBP-U(国内中性)V1.5,313202386,MV-IDB005EX-05WPU(国内中性)V1.5,328500259
ID2013EM系列V1.5,MV-ID2013EM-05N-RBN(国内标配)V1.5,313202329,MV-IDB005EX-05NR(国内标配)V1.5,328500282
ID2013EM系列V1.5,MV-ID2013EM-05N-RBN(国内中性)V1.5,313202406,MV-IDB005EX-05NR(国内中性)V1.5,328500281
ID2013EM系列V1.5,MV-ID2013EM-05N-RBP(国内标配)V1.5,313202353,MV-IDB005EX-05NRP(国内标配)V1.5,328500280
ID2013EM系列V1.5,MV-ID2013EM-05N-RBP(国内中性)V1.5,313202405,MV-IDB005EX-05NRP(国内中性)V1.5,328500279
ID2013EM系列V1.5,MV-ID2013EM-05N-RBN-U(国内标配)V1.5,313202330,MV-IDB005EX-05NRU(国内标配)V1.5,328500278
ID2013EM系列V1.5,MV-ID2013EM-05N-RBN-U(国内中性)V1.5,313202404,MV-IDB005EX-05NRU(国内中性)V1.5,328500277
ID2013EM系列V1.5,MV-ID2013EM-03N-RBN(国内标配)V1.5,313202354,MV-IDB005EX-03NR(国内标配)V1.5,328500397
ID2013EM系列V1.5,MV-ID2013EM-03N-RBN(国内中性)V1.5,313202407,MV-IDB005EX-03NR(国内中性)V1.5,328500398
ID2013EM系列V1.5,MV-ID2013EM-03N-RBP(国内标配)V1.5,313202355,MV-IDB005EX-03NRP(国内标配)V1.5,328500399
ID2013EM系列V1.5,MV-ID2013EM-03N-RBP(国内中性)V1.5,313202408,MV-IDB005EX-03NRP(国内中性)V1.5,328500400
ID2013EM系列V1.5,MV-ID2013EM-05H-RBN(国内标配)V1.5,313202331,MV-IDB005EX-05HR(国内标配)V1.5,328500276
ID2013EM系列V1.5,MV-ID2013EM-05H-RBN(国内中性)V1.5,313202400,MV-IDB005EX-05HR(国内中性)V1.5,328500275
ID2013EM系列V1.5,MV-ID2013EM-05H-RBP(国内标配)V1.5,313202350,MV-IDB005EX-05HRP(国内标配)V1.5,328500274
ID2013EM系列V1.5,MV-ID2013EM-05H-RBP(国内中性)V1.5,313202399,MV-IDB005EX-05HRP(国内中性)V1.5,328500273
ID2013EM系列V1.5,MV-ID2013EM-05H-RBN-U(国内标配)V1.5,313202332,MV-IDB005EX-05HRU(国内标配)V1.5,328500272
ID2013EM系列V1.5,MV-ID2013EM-05H-RBN-U(国内中性)V1.5,313202398,MV-IDB005EX-05HRU(国内中性)V1.5,328500271
ID2013EM系列V1.5,MV-ID2013EM-05-RBN-S(国内标配)V1.5,313202333,MV-IDB005EX-05RS(国内标配)V1.5,328500253
ID2013EM系列V1.5,MV-ID2013EM-05-RBN-S(国内中性)V1.5,313202382,MV-IDB005EX-05RS(国内中性)V1.5,328500254
ID2013EM系列V1.5,MV-ID2013EM-05-RBP-S(国内标配)V1.5,313202338,MV-IDB005EX-05RPS(国内标配)V1.5,328500255
ID2013EM系列V1.5,MV-ID2013EM-05-RBP-S(国内中性)V1.5,313202381,MV-IDB005EX-05RPS(国内中性)V1.5,328500256
ID2013EM系列V1.5,MV-ID2013EM-05-RBN-SU(国内标配)V1.5,313202334,MV-IDB005EX-05RSU(国内标配)V1.5,328500252
ID2013EM系列V1.5,MV-ID2013EM-05-RBN-SU(国内中性)V1.5,313202379,MV-IDB005EX-05RSU(国内中性)V1.5,328500251
ID2013EM系列V1.5,MV-ID2013EM-05-RBP-SU(国内标配)V1.5,313202337,MV-IDB005EX-05RPSU(国内标配)V1.5,328500258
ID2013EM系列V1.5,MV-ID2013EM-05-RBP-SU(国内中性)V1.5,313202380,MV-IDB005EX-05RPSU(国内中性)V1.5,328500257
ID2013EM系列V1.5,MV-ID2013EM-05N-RBN-S(国内标配)V1.5,313202352,MV-IDB005EX-05NRS(国内标配)V1.5,328500393
ID2013EM系列V1.5,MV-ID2013EM-05N-RBN-S(国内中性)V1.5,313202402,MV-IDB005EX-05NRS(国内中性)V1.5,328500394
ID2013EM系列V1.5,MV-ID2013EM-05N-RBN-SU(国内标配)V1.5,313202351,MV-IDB005EX-05NRSU(国内标配)V1.5,328500395
ID2013EM系列V1.5,MV-ID2013EM-05N-RBN-SU(国内中性)V1.5,313202401,MV-IDB005EX-05NRSU(国内中性)V1.5,328500396
ID2013EM系列V1.5,MV-ID2013EM-05H-RBN-S(国内标配)V1.5,313202349,无经销型号,
ID2013EM系列V1.5,MV-ID2013EM-05H-RBN-S(国内中性)V1.5,313202397,无经销型号,
ID2013EM系列V1.5,MV-ID2013EM-05H-RBN-SU(国内标配)V1.5,313202348,无经销型号,
ID2013EM系列V1.5,MV-ID2013EM-05H-RBN-SU(国内中性)V1.5,313202396,无经销型号,
ID2013EM系列V1.5,MV-ID2013EP-05-RBN(国内标配)V1.5,313202335,MV-IDB005EPX-05R(国内标配)V1.5,313202508
ID2013EM系列V1.5,MV-ID2013EP-05-RBN(国内中性)V1.5,313202395,MV-IDB005EPX-05R(国内中性)V1.5,313202514
ID2013EM系列V1.5,MV-ID2013EP-05-RBP(国内标配)V1.5,313202347,MV-IDB005EPX-05RP(国内标配)V1.5,313202512
ID2013EM系列V1.5,MV-ID2013EP-05-RBP(国内中性)V1.5,313202393,MV-IDB005EPX-05RP(国内中性)V1.5,313202513
ID2013EM系列V1.5,MV-ID2013EP-05-RBN-U(国内标配)V1.5,313202336,MV-IDB005EPX-05RU(国内标配)V1.5,313202511
ID2013EM系列V1.5,MV-ID2013EP-05-RBN-U(国内中性)V1.5,313202394,MV-IDB005EPX-05RU(国内中性)V1.5,313202507
ID2013EM系列V1.5,MV-ID2013EP-05-RBP-U(国内标配)V1.5,313202346,MV-IDB005EPX-05RPU(国内标配)V1.5,313202509
ID2013EM系列V1.5,MV-ID2013EP-05-RBP-U(国内中性)V1.5,313202392,MV-IDB005EPX-05RPU(国内中性)V1.5,313202510
ID2004M系列V4.0,MV-ID2004M-06S-RBN(国内标配)V4.0,313202597,MV-IDB003X-06R(国内标配)V4.0,328500368
ID2004M系列V4.0,MV-ID2004M-06S-RBN(国内中性)V4.0,313202600, MV-IDB003X-06R(国内中性)V4.0,328500369
ID2004M系列V4.0,MV-ID2004M-06S-WBN(国内标配)V4.0,313202599,无经销型号,
ID2004M系列V4.0,MV-ID2004M-06S-WBN(国内中性)V4.0,313202602,无经销型号,
ID2004M系列V4.0,MV-ID2004M-06S-BBN(国内标配)V4.0,313202598,无经销型号,
ID2004M系列V4.0,MV-ID2004M-06S-BBN(国内中性)V4.0,313202601,无经销型号,
ID2004M系列V4.0,MV-ID2004M-06S-RBN-U(国内标配)V2.0,313201686,无经销型号,
ID2004M系列V4.0,MV-ID2004M-06S-RBN-U(国内中性)V2.0,313201687,无经销型号,
ID2004M系列V4.0,MV-ID2004M-06S-WBN-U(国内标配)V2.0,313202288,无经销型号,
ID2004M系列V4.0,MV-ID2004M-06S-WBN-U(国内中性)V2.0,313201690,无经销型号,
ID2004M系列V4.0,MV-ID2004M-06S-BBN-U(国内标配)V2.0,313201688,无经销型号,
ID2004M系列V4.0,MV-ID2004M-06S-BBN-U(国内中性)V2.0,313201689,无经销型号,
ID2004M系列V4.0,MV-ID2004M-16T-RBN(国内标配)V4.0,313202603,无经销型号,
ID2004M系列V4.0,MV-ID2004M-16T-RBN(国内中性)V4.0,313202604,无经销型号,
ID2013M系列V4.0,MV-ID2013M-06S-RBN(国内标配)V4.0,313202620,MV-IDB005X-06R(国内标配)V4.0,328500378
ID2013M系列V4.0,MV-ID2013M-06S-RBN(国内中性)V4.0,313202629,MV-IDB005X-06R(国内中性)V4.0,328500379
ID2013M系列V4.0,MV-ID2013M-06S-RBP(国内标配)V4.0,313202621,MV-IDB005X-06RP(国内标配)V4.0,328500380
ID2013M系列V4.0,MV-ID2013M-06S-RBP(国内中性)V4.0,313202625,MV-IDB005X-06RP(国内中性)V4.0,328500381
ID2013M系列V4.0,MV-ID2013M-06S-WBN(国内标配)V4.0,313202622,MV-IDB005X-06W(国内标配)V4.0,328500382
ID2013M系列V4.0,MV-ID2013M-06S-WBN(国内中性)V4.0,313202626,MV-IDB005X-06W(国内中性)V4.0,328500383
ID2013M系列V4.0,MV-ID2013M-06S-WBP(国内标配)V4.0,313202623,MV-IDB005X-06WP(国内标配)V4.0,328500384
ID2013M系列V4.0,MV-ID2013M-06S-WBP(国内中性)V4.0,313202627,MV-IDB005X-06WP(国内中性)V4.0,328500385
ID2013M系列V4.0,MV-ID2013M-06S-BBN(国内标配)V4.0,313202624,无经销型号,
ID2013M系列V4.0,MV-ID2013M-06S-BBN(国内中性)V4.0,313202628,无经销型号,
ID2013M系列V4.0,MV-ID2013M-06S-RBN-YAG(国内中性)/V4.0,313202630,无经销型号,
ID2013M系列V4.0,MV-ID2013M-06S-RBP-YAG(国内中性)/V4.0,313202631,无经销型号,
ID2013M系列V4.0,MV-ID2013M-16S-RBN(国内标配)V4.0,313202636,MV-IDB005X-16R(国内标配)V4.0,328500485
ID2013M系列V4.0,MV-ID2013M-16S-RBN(国内中性)V4.0,313202635,MV-IDB005X-16R(国内中性)V4.0,328500486
ID2013M系列V4.0,MV-ID2013M-16S-RBN-YAG(国内中性)/V4.0,313202637,无经销型号,
ID2013M系列V4.0,MV-ID2013M-25S-RBN(国内标配)V4.0,313202633,MV-IDB005X-25R(国内标配)V4.0,328500487
ID2013M系列V4.0,MV-ID2013M-25S-RBN(国内中性)V4.0,313202632,MV-IDB005X-25R(国内中性)V4.0,328500488
ID2013M系列V4.0,MV-ID2013M-25S-RBN-YAG(国内中性)/V4.0,313202634,无经销型号,
ID2016M系列V4.0,MV-ID2016M-06S-RBN(国内标配)V4.0,313202588,MV-IDB007X-06R(国内标配)V4.0,328500344
ID2016M系列V4.0,MV-ID2016M-06S-RBN(国内中性)V4.0,313202589,MV-IDB007X-06R(国内中性)V4.0,328500345
ID2016M系列V4.0,MV-ID2016M-06S-RBP(国内标配)V4.0,313202591,MV-IDB007X-06RP(国内标配)V4.0,328500346
ID2016M系列V4.0,MV-ID2016M-06S-RBP(国内中性)V4.0,313202590,MV-IDB007X-06RP(国内中性)V4.0,328500347
ID2016M系列V4.0,MV-ID2016M-06S-WBN(国内标配)V4.0,313202584,MV-IDB007X-06W(国内标配)V4.0,328500352
ID2016M系列V4.0,MV-ID2016M-06S-WBN(国内中性)V4.0,313202585,MV-IDB007X-06W(国内中性)V4.0,328500353
ID2016M系列V4.0,MV-ID2016M-06S-WBP(国内标配)V4.0,313202593,MV-IDB007X-06WP(国内标配)V4.0,328500354
ID2016M系列V4.0,MV-ID2016M-06S-WBP(国内中性)V4.0,313202592,MV-IDB007X-06WP(国内中性)V4.0,328500355
ID2016M系列V4.0,MV-ID2016M-06S-BBN(国内标配)V4.0,313202586,无经销型号,
ID2016M系列V4.0,MV-ID2016M-06S-BBN(国内中性)V4.0,313202587,无经销型号,
ID2016M系列V4.0,MV-ID2016M-06S-RBN-U(国内标配)V2.0,313201556,MV-IDB007X-06RU(国内标配)V2.0,313202223
ID2016M系列V4.0,MV-ID2016M-06S-RBN-U(国内中性)V2.0,313201557, MV-IDB007X-06RU(国内中性)V2.0,313202224
ID2016M系列V4.0,MV-ID2016M-06S-BBN-U(国内标配)V2.0,313201560,无经销型号,
ID2016M系列V4.0,MV-ID2016M-06S-BBN-U(国内中性)V2.0,313202317,无经销型号,
ID2016M系列V4.0,MV-ID2016M-06S-WBN-U(国内标配)V2.0,313201574,无经销型号,
ID2016M系列V4.0,MV-ID2016M-06S-WBN-U(国内中性)/V2.0,313201575,无经销型号,
ID2016M系列V4.0,MV-ID2016M-06T-RBP(国内标配)V4.0,313202609,MV-IDB007X-06TRP(国内标配)V4.0,328500484
ID2016M系列V4.0,MV-ID2016M-06T-RBP(国内中性)V4.0,313202610,无经销型号,
ID2016M系列V4.0,无基线型号,,MV-IDB007X-06TR(国内标配)V4.0,328500370
ID2016M系列V4.0,MV-ID2016M-10T-RBP(国内标配)V4.0,313202612,MV-IDB007X-10TRP(国内标配)V4.0,328500545
ID2016M系列V4.0,MV-ID2016M-10T-RBP(国内中性)V4.0,313202613,无经销型号,
ID2016M系列V4.0,无基线型号,,MV-IDB007X-10TR(国内标配)V4.0,328500371
ID2016M系列V4.0,MV-ID2016M-16T-RBN(国内标配)V4.0,313202615,MV-IDB007X-16TR(国内标配)V4.0,328500372
ID2016M系列V4.0,MV-ID2016M-16T-RBN(国内中性)V4.0,313202616,MV-IDB007X-16TR(国内中性)V4.0,328500373
ID2016M系列V4.0,MV-ID2016M-16T-RBP(国内标配)V4.0,313203309,无经销型号,
ID2016M系列V4.0,MV-ID2016M-16T-RBP(国内中性)V4.0,313203318,无经销型号,
ID2016M系列V4.0,MV-ID2016M-16S-RBN(国内标配)V4.0,313202907,MV-IDB007X-16R(国内标配)V4.0,328500374
ID2016M系列V4.0,MV-ID2016M-16S-RBN(国内中性)V4.0,313202908,MV-IDB007X-16R(国内中性)V4.0,328500375
ID2016M系列V4.0,MV-ID2016M-25S-RBN(国内标配)V4.0,313202909,MV-IDB007X-25R(国内标配)V4.0,328500376
ID2016M系列V4.0,MV-ID2016M-25S-RBN(国内中性)V4.0,313202910,MV-IDB007X-25R(国内中性)V4.0,328500377
ID2013XM系列,MV-ID2013XM-05M-RBN(国内标配),313203219,无经销型号,
ID2013XM系列,MV-ID2013XM-05M-RBN(国内中性),313203235,无经销型号,
ID2013XM系列,MV-ID2013XM-08M-RBN(国内标配),313203221,无经销型号,
ID2013XM系列,MV-ID2013XM-08M-RBN(国内中性),313203234,无经销型号,
ID2013XM系列,MV-ID2013XM-12M-RBN(国内标配),313203208,无经销型号,
ID2013XM系列,MV-ID2013XM-12M-RBN(国内中性),313203229,无经销型号,
ID2013XM系列,MV-ID2013XM-16M-RBN(国内标配),313203217,无经销型号,
ID2013XM系列,MV-ID2013XM-16M-RBN(国内中性),313203233,无经销型号,
ID2013XM系列,MV-ID2013XM-08L-RBN(国内标配),313203215,无经销型号,
ID2013XM系列,MV-ID2013XM-08L-RBN(国内中性),313203227,无经销型号,
ID2013XM系列,MV-ID2013XM-12L-RBN(国内标配),313203214,无经销型号,
ID2013XM系列,MV-ID2013XM-12L-RBN(国内中性),313203225,无经销型号,
ID2013XM系列,MV-ID2013XM-16L-RBN(国内标配),313203213,无经销型号,
ID2013XM系列,MV-ID2013XM-16L-RBN(国内中性),313203223,无经销型号,
ID2013XM系列,MV-ID2013XM-05M-RBN-U(国内标配),313203218,无经销型号,
ID2013XM系列,MV-ID2013XM-05M-RBN-U(国内中性),313203232,无经销型号,
ID2013XM系列,MV-ID2013XM-08M-RBN-U(国内标配),313203220,无经销型号,
ID2013XM系列,MV-ID2013XM-08M-RBN-U(国内中性),313203231,无经销型号,
ID2013XM系列,MV-ID2013XM-12M-RBN-U(国内标配),313203209,无经销型号,
ID2013XM系列,MV-ID2013XM-12M-RBN-U(国内中性),313203228,无经销型号,
ID2013XM系列,MV-ID2013XM-16M-RBN-U(国内标配),313203216,无经销型号,
ID2013XM系列,MV-ID2013XM-16M-RBN-U(国内中性),313203230,无经销型号,
ID2013XM系列,MV-ID2013XM-08L-RBN-U(国内标配),313203212,无经销型号,
ID2013XM系列,MV-ID2013XM-08L-RBN-U(国内中性),313203226,无经销型号,
ID2013XM系列,MV-ID2013XM-12L-RBN-U(国内标配),313203211,无经销型号,
ID2013XM系列,MV-ID2013XM-12L-RBN-U(国内中性),313203224,无经销型号,
ID2013XM系列,MV-ID2013XM-16L-RBN-U(国内标配),313203210,无经销型号,
ID2013XM系列,MV-ID2013XM-16L-RBN-U(国内中性),313203222,无经销型号,
ID2020RM系列,MV-ID2020RM-05M-RBN(国内标配),328500542,无经销型号,
ID2020RM系列,MV-ID2020RM-05M-RBN(国内中性),328500538,无经销型号,
ID2020RM系列,MV-ID2020RM-08M-RBN(国内标配),328500544,无经销型号,
ID2020RM系列,MV-ID2020RM-08M-RBN(国内中性),328500537,无经销型号,
ID2020RM系列,MV-ID2020RM-12M-RBN(国内标配),328500530,无经销型号,
ID2020RM系列,MV-ID2020RM-12M-RBN(国内中性),328500532,无经销型号,
ID2020RM系列,MV-ID2020RM-16M-RBN(国内标配),328500540,无经销型号,
ID2020RM系列,MV-ID2020RM-16M-RBN(国内中性),328500536,无经销型号,
ID2020RM系列,MV-ID2020RM-25M-RBN(国内标配),328500585,无经销型号,
ID2020RM系列,MV-ID2020RM-25M-RBN(国内中性),328500587,无经销型号,
ID2020RM系列,MV-ID2020RM-05M-RBN-U(国内标配),328500541,无经销型号,
ID2020RM系列,MV-ID2020RM-05M-RBN-U(国内中性),328500535,无经销型号,
ID2020RM系列,MV-ID2020RM-08M-RBN-U(国内标配),328500543,无经销型号,
ID2020RM系列,MV-ID2020RM-08M-RBN-U(国内中性),328500534,无经销型号,
ID2020RM系列,MV-ID2020RM-12M-RBN-U(国内标配),328500531,无经销型号,
ID2020RM系列,MV-ID2020RM-12M-RBN-U(国内中性),328500529,无经销型号,
ID2020RM系列,MV-ID2020RM-16M-RBN-U(国内标配),328500539,无经销型号,
ID2020RM系列,MV-ID2020RM-16M-RBN-U(国内中性),328500533,无经销型号,
ID2020RM系列,MV-ID2020RM-25M-RBN-U(国内标配),328500584,无经销型号,
ID2020RM系列,MV-ID2020RM-25M-RBN-U(国内中性),328500586,无经销型号,
ID2016XM系列,无基线型号,,MV-IDBX007X-05ARH(国内标配),328500520
ID2016XM系列,无基线型号,,MV-IDBX007X-05ARH(国内中性),328500517
ID2016XM系列,无基线型号,,MV-IDBX007X-08ARH(国内标配),328500515
ID2016XM系列,无基线型号,,MV-IDBX007X-08ARH(国内中性),328500516
ID2016XM系列,无基线型号,,MV-IDBX007X-12ARH(国内标配),328500527
ID2016XM系列,无基线型号,,MV-IDBX007X-12ARH(国内中性),328500526
ID2016XM系列,无基线型号,,MV-IDBX007X-16ARH(国内标配),328500519
ID2016XM系列,无基线型号,,MV-IDBX007X-16ARH(国内中性),328500523
ID2016XM系列,无基线型号,,MV-IDBX007X-08LRH(国内标配),328500503
ID2016XM系列,无基线型号,,MV-IDBX007X-08LRH(国内中性),328500512
ID2016XM系列,无基线型号,,MV-IDBX007X-12LRH(国内标配),328500508
ID2016XM系列,无基线型号,,MV-IDBX007X-12LRH(国内中性),328500505
ID2016XM系列,无基线型号,,MV-IDBX007X-16LRH(国内标配),328500504
ID2016XM系列,无基线型号,,MV-IDBX007X-16LRH(国内中性),328500506
ID2016XM系列,无基线型号,,MV-IDBX007X-05ARHU(国内标配),328500514
ID2016XM系列,无基线型号,,MV-IDBX007X-05ARHU(国内中性),328500513
ID2016XM系列,无基线型号,,MV-IDBX007X-08ARHU(国内标配),328500521
ID2016XM系列,无基线型号,,MV-IDBX007X-08ARHU(国内中性),328500528
ID2016XM系列,无基线型号,,MV-IDBX007X-12ARHU(国内标配),328500522
ID2016XM系列,无基线型号,,MV-IDBX007X-12ARHU(国内中性),328500518
ID2016XM系列,无基线型号,,MV-IDBX007X-16ARHU(国内标配),328500524
ID2016XM系列,无基线型号,,MV-IDBX007X-16ARHU(国内中性),328500525
ID2016XM系列,无基线型号,,MV-IDBX007X-08LRHU(国内标配),328500511
ID2016XM系列,无基线型号,,MV-IDBX007X-08LRHU(国内中性),328500510
ID2016XM系列,无基线型号,,MV-IDBX007X-12LRHU(国内标配),328500509
ID2016XM系列,无基线型号,,MV-IDBX007X-12LRHU(国内中性),328500502
ID2016XM系列,无基线型号,,MV-IDBX007X-16LRHU(国内标配),328500501
ID2016XM系列,无基线型号,,MV-IDBX007X-16LRHU(国内中性),328500507
ID2023XM系列,MV-ID2023XM-05M-RBN(国内标配),313202681,MV-IDBX008X-05ARH(国内标配),328500427
ID2023XM系列,MV-ID2023XM-05M-RBN(国内中性),313202792,MV-IDBX008X-05ARH(国内中性),328500428
ID2023XM系列,MV-ID2023XM-08M-RBN(国内标配),313202342,MV-IDBX008X-08ARH(国内标配),328500431
ID2023XM系列,MV-ID2023XM-08M-RBN(国内中性),313202793,MV-IDBX008X-08ARH(国内中性),328500432
ID2023XM系列,MV-ID2023XM-12M-RBN(国内标配),313202827,MV-IDBX008X-12ARH(国内标配),328500435
ID2023XM系列,MV-ID2023XM-12M-RBN(国内中性),313202824,MV-IDBX008X-12ARH(国内中性),328500436
ID2023XM系列,MV-ID2023XM-16M-RBN(国内标配),313202683,MV-IDBX008X-16ARH(国内标配),328500439
ID2023XM系列,MV-ID2023XM-16M-RBN(国内中性),313202794,MV-IDBX008X-16ARH(国内中性),328500440
ID2023XM系列,MV-ID2023XM-08L-RBN(国内标配),313202754,MV-IDBX008X-08LRH(国内标配),328500473
ID2023XM系列,MV-ID2023XM-08L-RBN(国内中性),313202920,MV-IDBX008X-08LRH(国内中性),328500472
ID2023XM系列,MV-ID2023XM-12L-RBN(国内标配),313202755,MV-IDBX008X-12LRH(国内标配),328500477
ID2023XM系列,MV-ID2023XM-12L-RBN(国内中性),313202928,MV-IDBX008X-12LRH(国内中性),328500476
ID2023XM系列,MV-ID2023XM-16L-RBN(国内标配),313202756,MV-IDBX008X-16LRH(国内标配),328500481
ID2023XM系列,MV-ID2023XM-16L-RBN(国内中性),313202930,MV-IDBX008X-16LRH(国内中性),328500480
ID2023XM系列,MV-ID2023XM-05M-RBN-U(国内标配),313202682,MV-IDBX008X-05ARHU(国内标配),328500425
ID2023XM系列,MV-ID2023XM-05M-RBN-U(国内中性),313202795,MV-IDBX008X-05ARHU(国内中性),328500426
ID2023XM系列,MV-ID2023XM-08M-RBN-U(国内标配),313202427,MV-IDBX008X-08ARHU(国内标配),328500429
ID2023XM系列,MV-ID2023XM-08M-RBN-U(国内中性),313202796,MV-IDBX008X-08ARHU(国内中性),328500430
ID2023XM系列,MV-ID2023XM-12M-RBN-U(国内标配),313202826,MV-IDBX008X-12ARHU(国内标配),328500433
ID2023XM系列,MV-ID2023XM-12M-RBN-U(国内中性),313202829,MV-IDBX008X-12ARHU(国内中性),328500434
ID2023XM系列,MV-ID2023XM-16M-RBN-U(国内标配),313202684,MV-IDBX008X-16ARHU(国内标配),328500437
ID2023XM系列,MV-ID2023XM-16M-RBN-U(国内中性),313202797,MV-IDBX008X-16ARHU(国内中性),328500438
ID2023XM系列,MV-ID2023XM-08L-RBN-U(国内标配),313202783,MV-IDBX008X-08LRHU(国内标配),328500474
ID2023XM系列,MV-ID2023XM-08L-RBN-U(国内中性),313202927,MV-IDBX008X-08LRHU(国内中性),328500475
ID2023XM系列,MV-ID2023XM-12L-RBN-U(国内标配),313202785,MV-IDBX008X-12LRHU(国内标配),328500479
ID2023XM系列,MV-ID2023XM-12L-RBN-U(国内中性),313202929,MV-IDBX008X-12LRHU(国内中性),328500478
ID2023XM系列,MV-ID2023XM-16L-RBN-U(国内标配),313202786,MV-IDBX008X-16LRHU(国内标配),328500483
ID2023XM系列,MV-ID2023XM-16L-RBN-U(国内中性),313202931,MV-IDBX008X-16LRHU(国内中性),328500482
ID3013PM系列V2.0,MV-ID3013PM-06M-WBN(国内标配)V2.0,313200851,MV-IDC005X-06MW(国内标配),313200554
ID3013PM系列V2.0,MV-ID3013PM-06M-WBN(国内中性)V2.0,313200850,MV-IDC005X-06MW(国内中性),313200635
ID3013PM系列V2.0,MV-ID3013PM-12M-WBN(国内标配)V2.0,313200854,MV-IDC005X-12MW(国内标配),313200555
ID3013PM系列V2.0,MV-ID3013PM-12M-WBN(国内中性)V2.0,313200853,MV-IDC005X-12MW(国内中性),313200634
ID3013PM系列V2.0,MV-ID3013PM-15M-WBN(国内标配)V2.0,313200857,MV-IDC005X-15MW(国内标配),313200556
ID3013PM系列V2.0,MV-ID3013PM-15M-WBN(国内中性)V2.0,313200856,MV-IDC005X-15MW(国内中性),313200633
ID3013PM-8系列V2.0,MV-ID3013PM-06M-WBN-8(国内标配)V2.0,313201861,MV-IDC005X-06MW-8(国内标配)V2.0,328500161
ID3013PM-8系列V2.0,MV-ID3013PM-06M-WBN-8(国内中性)V2.0,313201862,MV-IDC005X-06MW-8(国内中性)V2.0,328500166
ID3013PM-8系列V2.0,MV-ID3013PM-12M-WBN-8(国内标配)V2.0,313201863,MV-IDC005X-12MW-8(国内标配)V2.0,328500162
ID3013PM-8系列V2.0,MV-ID3013PM-12M-WBN-8(国内中性)V2.0,313201864,MV-IDC005X-12MW-8(国内中性)V2.0,328500165
ID3013PM-8系列V2.0,MV-ID3013PM-15M-WBN-8(国内标配)V2.0,313201865,MV-IDC005X-15MW-8(国内标配)V2.0,328500163
ID3013PM-8系列V2.0,MV-ID3013PM-15M-WBN-8(国内中性)V2.0,313201866,MV-IDC005X-15MW-8(国内中性)V2.0,328500164
ID3016PM系列V2.0,MV-ID3016PM-06M-WBN(国内标配)V2.0,313200921,MV-IDC007X-06MW(国内标配)V2.0,313201023
ID3016PM系列V2.0,MV-ID3016PM-06M-WBN(国内中性)V2.0,313200922,MV-IDC007X-06MW(国内中性)V2.0,313201024
ID3016PM系列V2.0,MV-ID3016PM-12M-WBN(国内标配)V2.0,313200924,MV-IDC007X-12MW(国内标配)V2.0,313201025
ID3016PM系列V2.0,MV-ID3016PM-12M-WBN(国内中性)V2.0,313200925,MV-IDC007X-12MW(国内中性)V2.0,313201026
ID3016PM系列V2.0,MV-ID3016PM-15M-WBN(国内标配)V2.0,313200927,MV-IDC007X-15MW(国内标配)V2.0,313201027
ID3016PM系列V2.0,MV-ID3016PM-15M-WBN(国内中性)V2.0,313200928,MV-IDC007X-15MW(国内中性)V2.0,313201028
ID3050PM系列V3.0,MV-ID3050PM-08M-WBN(国内标配)V3.0,313202173,MV-IDC010X-08MW(国内标配)V3.0,328500243
ID3050PM系列V3.0,MV-ID3050PM-08M-WBN(国内中性)V3.0,313202298,MV-IDC010X-08MW(国内中性)V3.0,328500244
ID3050PM系列V3.0,MV-ID3050PM-12M-WBN(国内标配)V3.0,313202172,MV-IDC010X-12MW(国内标配)V3.0,328500245
ID3050PM系列V3.0,MV-ID3050PM-12M-WBN(国内中性)V3.0,313202300,MV-IDC010X-12MW(国内中性)V3.0,328500246
ID3050PM系列V3.0,MV-ID3050PM-16M-WBN(国内标配)V3.0,313202171,MV-IDC010X-16MW(国内标配)V3.0,328500247
ID3050PM系列V3.0,MV-ID3050PM-16M-WBN(国内中性)V3.0,313202301,MV-IDC010X-16MW(国内中性)V3.0,328500248
ID3050PM系列V3.0,MV-ID3050PM-25M-WBN(国内标配)V3.0,313202174,MV-IDC010X-25MW(国内标配)V3.0,328500249
ID3050PM系列V3.0,MV-ID3050PM-25M-WBN(国内中性)V3.0,313202304,MV-IDC010X-25MW(国内中性)V3.0,328500250
ID3016XM系列V3.0,MV-ID3016XM-08M-RBN(国内标配)V3.0,313203100,无经销型号,
ID3016XM系列V3.0,MV-ID3016XM-08M-RBN(国内中性)V3.0,313203107,无经销型号,
ID3016XM系列V3.0,MV-ID3016XM-12M-RBN(国内标配)V3.0,313202943,无经销型号,
ID3016XM系列V3.0,MV-ID3016XM-12M-RBN(国内中性)V3.0,313203110,无经销型号,
ID3016XM系列V3.0,MV-ID3016XM-16M-RBN(国内标配)V3.0,313203112,无经销型号,
ID3016XM系列V3.0,MV-ID3016XM-16M-RBN(国内中性)V3.0,313203113,无经销型号,
ID3016XM系列V3.0,MV-ID3016XM-25M-RBN(国内标配)V3.0,313203115,无经销型号,
ID3016XM系列V3.0,MV-ID3016XM-25M-RBN(国内中性)V3.0,313203116,无经销型号,
ID3016XM系列V3.0,MV-ID3016XM-08L-RBN(国内标配)V3.0,313203103,无经销型号,
ID3016XM系列V3.0,MV-ID3016XM-08L-RBN(国内中性)V3.0,313203139,无经销型号,
ID3016XM系列V3.0,MV-ID3016XM-12L-RBN(国内标配)V3.0,313203140,无经销型号,
ID3016XM系列V3.0,MV-ID3016XM-12L-RBN(国内中性)V3.0,313203142,无经销型号,
ID3016XM系列V3.0,MV-ID3016XM-16L-RBN(国内标配)V3.0,313202942,无经销型号,
ID3016XM系列V3.0,MV-ID3016XM-16L-RBN(国内中性)V3.0,313203144,无经销型号,
ID3016XM系列V2.0,MV-ID3016XM-08M-RBN(国内标配)V2.0,313201823,MV-IDCX007X-08MR(国内标配)V2.0,328500191
ID3016XM系列V2.0,MV-ID3016XM-08M-RBN(国内中性)V2.0,313201822,MV-IDCX007X-08MR(国内中性)V2.0,328500187
ID3016XM系列V2.0,MV-ID3016XM-12M-RBN(国内标配)V2.0,313201817,MV-IDCX007X-12MR(国内标配)V2.0,328500190
ID3016XM系列V2.0,MV-ID3016XM-12M-RBN(国内中性)V2.0,313201816,MV-IDCX007X-12MR(国内中性)V2.0,328500185
ID3016XM系列V2.0,MV-ID3016XM-16L-RBN(国内标配)V2.0,313201826,MV-IDCX007X-16LR(国内标配)V2.0,328500188
ID3016XM系列V2.0,MV-ID3016XM-16L-RBN(国内中性)V2.0,313201825,MV-IDCX007X-16LR(国内中性)V2.0,328500186
ID3016XM系列V2.0,MV-ID3016XM-25M-RBN(国内标配)V2.0,313201820,MV-IDCX007X-25MR(国内标配)V2.0,328500189
ID3016XM系列V2.0,MV-ID3016XM-25M-RBN(国内中性)V2.0,313201819,MV-IDCX007X-25MR(国内中性)V2.0,328500184
ID3030XM系列V3.0,MV-ID3030XM-08M-RBN(国内标配)V3.0,313203117,无经销型号,
ID3030XM系列V3.0,MV-ID3030XM-08M-RBN(国内中性)V3.0,313203118,无经销型号,
ID3030XM系列V3.0,MV-ID3030XM-12M-RBN(国内标配)V3.0,313202947,无经销型号,
ID3030XM系列V3.0,MV-ID3030XM-12M-RBN(国内中性)V3.0,313203121,无经销型号,
ID3030XM系列V3.0,MV-ID3030XM-16M-RBN(国内标配)V3.0,313203123,无经销型号,
ID3030XM系列V3.0,MV-ID3030XM-16M-RBN(国内中性)V3.0,313203124,无经销型号,
ID3030XM系列V3.0,MV-ID3030XM-25M-RBN(国内标配)V3.0,313203126,无经销型号,
ID3030XM系列V3.0,MV-ID3030XM-25M-RBN(国内中性)V3.0,313203127,无经销型号,
ID3030XM系列V3.0,MV-ID3030XM-08L-RBN(国内标配)V3.0,313203106,无经销型号,
ID3030XM系列V3.0,MV-ID3030XM-08L-RBN(国内中性)V3.0,313203153,无经销型号,
ID3030XM系列V3.0,MV-ID3030XM-12L-RBN(国内标配)V3.0,313203154,无经销型号,
ID3030XM系列V3.0,MV-ID3030XM-12L-RBN(国内中性)V3.0,313203156,无经销型号,
ID3030XM系列V3.0,MV-ID3030XM-16L-RBN(国内标配)V3.0,313202946,无经销型号,
ID3030XM系列V3.0,MV-ID3030XM-16L-RBN(国内中性)V3.0,313203158,无经销型号,
ID3030XM系列,MV-ID3030XM-08M-RBN(国内标配),313201358,无经销型号,
ID3030XM系列,MV-ID3030XM-08M-RBN(国内中性),313201383,MV-IDCX009X-08MR(国内中性）,328500075
ID3030XM系列,MV-ID3030XM-12M-RBN(国内标配),313201359,MV-IDCX009X-12MR(国内标配）,328500069
ID3030XM系列,MV-ID3030XM-12M-RBN(国内中性),313201384,MV-IDCX009X-12MR(国内中性）,328500076
ID3030XM系列,MV-ID3030XM-16L-RBN(国内标配),313201367,MV-IDCX009X-16LR(国内标配）,328500080
ID3030XM系列,MV-ID3030XM-16L-RBN(国内中性),313201369,MV-IDCX009X-16LR(国内中性）,328500077
ID3030XM系列,MV-ID3030XM-25M-RBN(国内标配),313201325,MV-IDCX009X-25MR(国内标配）,328500070
ID3030XM系列,MV-ID3030XM-25M-RBN(国内中性),313201380,MV-IDCX009X-25MR(国内中性）,328500078
ID3050XM系列V3.0,MV-ID3050XM-08M-RBN(国内标配)V3.0,313203102,无经销型号,
ID3050XM系列V3.0,MV-ID3050XM-08M-RBN(国内中性)V3.0,313203128,无经销型号,
ID3050XM系列V3.0,MV-ID3050XM-12M-RBN(国内标配)V3.0,313202944,无经销型号,
ID3050XM系列V3.0,MV-ID3050XM-12M-RBN(国内中性)V3.0,313203131,无经销型号,
ID3050XM系列V3.0,MV-ID3050XM-16M-RBN(国内标配)V3.0,313203133,无经销型号,
ID3050XM系列V3.0,MV-ID3050XM-16M-RBN(国内中性)V3.0,313203134,无经销型号,
ID3050XM系列V3.0,MV-ID3050XM-25M-RBN(国内标配)V3.0,313203136,无经销型号,
ID3050XM系列V3.0,MV-ID3050XM-25M-RBN(国内中性)V3.0,313203137,无经销型号,
ID3050XM系列V3.0,MV-ID3050XM-08L-RBN(国内标配)V3.0,313203105,无经销型号,
ID3050XM系列V3.0,MV-ID3050XM-08L-RBN(国内中性)V3.0,313203146,无经销型号,
ID3050XM系列V3.0,MV-ID3050XM-12L-RBN(国内标配)V3.0,313203147,无经销型号,
ID3050XM系列V3.0,MV-ID3050XM-12L-RBN(国内中性)V3.0,313203149,无经销型号,
ID3050XM系列V3.0,MV-ID3050XM-16L-RBN(国内标配)V3.0,313202945,无经销型号,
ID3050XM系列V3.0,MV-ID3050XM-16L-RBN(国内中性)V3.0,313203151,无经销型号,
ID3050XM系列,MV-ID3050XM-08M-RBN(国内标配),313201527,MV-IDCX010X-08MR(国内中性),313201564
ID3050XM系列,MV-ID3050XM-08M-RBN(国内中性),313201526,MV-IDCX010X-08MR(国内标配),313201565
ID3050XM系列,MV-ID3050XM-12M-RBN(国内标配),313201530,MV-IDCX010X-12MR(国内中性),313201566
ID3050XM系列,MV-ID3050XM-12M-RBN(国内中性),313201529,MV-IDCX010X-12MR(国内标配),313201567
ID3050XM系列,MV-ID3050XM-16L-RBN(国内标配),313201536,MV-IDCX010X-16LR(国内标配),313201568
ID3050XM系列,MV-ID3050XM-16L-RBN(国内中性),313201537,MV-IDCX010X-16LR(国内中性),313201569
ID3050XM系列,MV-ID3050XM-25M-RBN(国内标配),313201533,MV-IDCX010X-25MR(国内标配),313201571
ID3050XM系列,MV-ID3050XM-25M-RBN(国内中性),313201532,MV-IDCX010X-25MR(国内中性),313201570
ID3040RM系列,MV-ID3040RM-08M-RBN(国内标配),313202816,无经销型号,
ID3040RM系列,MV-ID3040RM-08M-RBN(国内中性),313202819,无经销型号,
ID3040RM系列,MV-ID3040RM-12M-RBN(国内标配),313202564,无经销型号,
ID3040RM系列,MV-ID3040RM-12M-RBN(国内中性),313202565,无经销型号,
ID3040RM系列,MV-ID3040RM-16M-RBN(国内标配),313202817,无经销型号,
ID3040RM系列,MV-ID3040RM-16M-RBN(国内中性),313202820,无经销型号,
ID3040RM系列,MV-ID3040RM-25M-RBN(国内标配),313202818,无经销型号,
ID3040RM系列,MV-ID3040RM-25M-RBN(国内中性),313202821,无经销型号,
ID3040RM系列,MV-ID3040RM-00C-NNN(国内标配),313202863,无经销型号,
ID3040RM系列,MV-ID3040RM-00C-NNN(国内中性)),313203012,无经销型号,
ID3060RM系列,MV-ID3060RM-08M-RBN(国内标配),313202810,MV-IDCR012X-08MRH(国内标配),328500446
ID3060RM系列,MV-ID3060RM-08M-RBN(国内中性),313202813,MV-IDCR012X-08MRH(国内中性),328500447
ID3060RM系列,MV-ID3060RM-12M-RBN(国内标配),313202530,MV-IDCR012X-12MRH(国内标配),328500448
ID3060RM系列,MV-ID3060RM-12M-RBN(国内中性),313202540,MV-IDCR012X-12MRH(国内中性),328500449
ID3060RM系列,MV-ID3060RM-16M-RBN(国内标配),313202811,MV-IDCR012X-16MRH(国内标配),328500450
ID3060RM系列,MV-ID3060RM-16M-RBN(国内中性),313202814,MV-IDCR012X-16MRH(国内中性),328500451
ID3060RM系列,MV-ID3060RM-25M-RBN(国内标配),313202812,MV-IDCR012X-25MRH(国内标配),328500452
ID3060RM系列,MV-ID3060RM-25M-RBN(国内中性),313202815,MV-IDCR012X-25MRH(国内中性),328500453
ID3060RM系列,MV-ID3060RM-00C-NNN(国内标配),313202862,无经销型号,
ID3060RM系列,MV-ID3060RM-00C-NNN(国内中性),313203010,无经销型号,
ID5050M系列V2.0,MV-ID5050M-08S-WBN(国内标配)V2.0,313201031,MV-IDE010X-08MW(国内标配)V2.0,313201268
ID5050M系列V2.0,MV-ID5050M-08S-WBN(国内中性)V2.0,313201030,MV-IDE010X-08MW(国内中性)V2.0,313201269
ID5050M系列V2.0,MV-ID5050M-12S-WBN(国内标配)V2.0,313201034,MV-IDE010X-12MW(国内标配)V2.0,313201270
ID5050M系列V2.0,MV-ID5050M-12S-WBN(国内中性)V2.0,313201033,MV-IDE010X-12MW(国内中性)V2.0,313201271
ID5050M系列V2.0,MV-ID5050M-16S-WBN(国内标配)V2.0,313201037,MV-IDE010X-16MW(国内标配)V2.0,313201272
ID5050M系列V2.0,MV-ID5050M-16S-WBN(国内中性)V2.0,313201036,MV-IDE010X-16MW(国内中性)V2.0,313201273
ID5050M系列V2.0,MV-ID5050M-25S-WBN(国内标配)V2.0,313201040,MV-IDE010X-25MW(国内标配)V2.0,313201274
ID5050M系列V2.0,MV-ID5050M-25S-WBN(国内中性)V2.0,313201039,MV-IDE010X-25MW(国内中性)V2.0,313201275
ID5060M系列V2.0,MV-ID5060M-08S-WBN(国内标配)V2.0,313200964,MV-IDE012X-08MW(国内标配)V2.0,313201160
ID5060M系列V2.0,MV-ID5060M-08S-WBN(国内中性)V2.0,313200965,MV-IDE012X-08MW(国内中性)V2.0,313201161
ID5060M系列V2.0,MV-ID5060M-12S-WBN(国内标配)V2.0,313200966,MV-IDE012X-12MW(国内标配)V2.0,313201162
ID5060M系列V2.0,MV-ID5060M-12S-WBN(国内中性)V2.0,313200967,MV-IDE012X-12MW(国内中性)V2.0,313201163
ID5060M系列V2.0,MV-ID5060M-16S-WBN(国内标配)V2.0,313200970,MV-IDE012X-16MW(国内标配)V2.0,313201164
ID5060M系列V2.0,MV-ID5060M-16S-WBN(国内中性)V2.0 ,313200971,MV-IDE012X-16MW(国内中性)V2.0,313201165
ID5060M系列V2.0,MV-ID5060M-25S-WBN(国内标配)V2.0,313200968,MV-IDE012X-25MW(国内标配)V2.0,313201166
ID5060M系列V2.0,MV-ID5060M-25S-WBN(国内中性)V2.0 ,313200969,MV-IDE012X-25MW(国内中性)V2.0,313201167
ID5060M系列V2.0,MV-ID5060M-00C-NNN(国内标配)V2.0,313200974,MV-IDE012X-CNN(国内标配) V2.0,313201168
ID5060M系列V2.0,MV-ID5060M-00C-NNN(国内中性)V2.0,313200975,MV-IDE012X-CNN(国内中性)V2.0,313201169
ID5060M系列V2.0,MV-ID5060M-08S-RBN(国内标配)V2.0,313200979,无经销型号,
ID5060M系列V2.0,MV-ID5060M-08S-RBN(国内中性)V2.0,313200978,无经销型号,
ID5060M系列V2.0,MV-ID5060M-12S-RBN(国内标配)V2.0,313200983,无经销型号,
ID5060M系列V2.0,MV-ID5060M-12S-RBN(国内中性)V2.0,313200982,无经销型号,
ID5060M系列V2.0,MV-ID5060M-16S-RBN(国内标配)V2.0,313200981,无经销型号,
ID5060M系列V2.0,MV-ID5060M-16S-RBN(国内中性)V2.0 ,313200980,无经销型号,
ID5060M系列V2.0,MV-ID5060M-25S-RBN(国内标配)V2.0,313200985,无经销型号,
ID5060M系列V2.0,MV-ID5060M-25S-RBN(国内中性)V2.0,313200984,无经销型号,
ID5060M系列V3.0,MV-ID5060M-08S-WBN(国内标配)V3.0,313202762,MV-IDE012X-08MW(国内标配)V3.0,328500546
ID5060M系列V3.0,MV-ID5060M-08S-WBN(国内中性)V3.0,313202761,MV-IDE012X-08MW(国内中性)V3.0,328500554
ID5060M系列V3.0,MV-ID5060M-12S-WBN(国内标配)V3.0,313202763,MV-IDE012X-12MW(国内标配)V3.0,328500548
ID5060M系列V3.0,MV-ID5060M-12S-WBN(国内中性)V3.0,313202764,MV-IDE012X-12MW(国内中性)V3.0,328500552
ID5060M系列V3.0,MV-ID5060M-16S-WBN(国内标配)V3.0,313202765,MV-IDE012X-16MW(国内标配)V3.0,328500550
ID5060M系列V3.0,MV-ID5060M-16S-WBN(国内中性)V3.0,313202766,MV-IDE012X-16MW(国内中性)V3.0,328500553
ID5060M系列V3.0,MV-ID5060M-25S-WBN(国内标配)V3.0,313202767,MV-IDE012X-25MW(国内标配)V3.0,328500547
ID5060M系列V3.0,MV-ID5060M-25S-WBN(国内中性)V3.0,313202768,MV-IDE012X-25MW(国内中性)V3.0,328500555
ID5060M系列V3.0,MV-ID5060M-00C-NNN(国内标配)V3.0,313202770,MV-IDE012X-CNN(国内标配) V3.0,328500549
ID5060M系列V3.0,MV-ID5060M-00C-NNN(国内中性)V3.0,313202769,MV-IDE012X-CNN(国内中性) V3.0,328500551
ID5120M系列V2.0,MV-ID5120M-00C-NNN(国内标配)V2.0,313201042,MV-IDE024X-NNN(国内标配)V2.0,313201276
ID5120M系列V2.0,MV-ID5120M-00C-NNN(国内中性)V2.0,313201043,MV-IDE024X-NNN(国内中性)V2.0,313201277
ID5200M系列V2.0,MV-ID5200M-00C-NNN(国内标配)V2.0,313200992,MV-IDE030X-NNN(国内标配)V2.0,313201170
ID5200M系列V2.0,MV-ID5200M-00C-NNN(国内中性)V2.0,313200993,MV-IDE030X-NNN(国内中性)V2.0,313201171
ID5200PM系列V2.0,MV-ID5200PM-00C-NNN(国内标配)V2.0,313201054,MV-IDE030PX-NNN(国内中性)V2.0,313201278
ID5200PM系列V2.0,MV-ID5200PM-00C-NNN(国内中性)V2.0,313201056,MV-IDE030PX-NNN(国内标配)V2.0,313201279
ID5250PM系列V2.0,MV-ID5250PM-00C-NNN(国内标配)V2.0,313201792,无经销型号,
ID5250PM系列V2.0,MV-ID5250PM-00C-NNN(国内中性)V2.0,313201793,无经销型号,
ID5050XM系列V2.0,MV-ID5050XM-08M-RBN(国内标配)V2.0,313202289,无经销型号,
ID5050XM系列V2.0,MV-ID5050XM-08M-RBN(国内中性)V2.0,313202545,无经销型号,
ID5050XM系列V2.0,MV-ID5050XM-12M-RBN(国内标配)V2.0,313202290,无经销型号,
ID5050XM系列V2.0,MV-ID5050XM-12M-RBN(国内中性)V2.0,313202547,无经销型号,
ID5050XM系列V2.0,MV-ID5050XM-16M-RBN(国内标配)V2.0,313202291,无经销型号,
ID5050XM系列V2.0,MV-ID5050XM-16M-RBN(国内中性)V2.0,313202549,无经销型号,
ID5050XM系列V2.0,MV-ID5050XM-25M-RBN(国内标配)V2.0,313202292,无经销型号,
ID5050XM系列V2.0,MV-ID5050XM-25M-RBN(国内中性)V2.0,313202551,无经销型号,
ID5050XM系列V2.0,MV-ID5050XM-08L-RBN(国内标配)V2.0,313202293,无经销型号,
ID5050XM系列V2.0,MV-ID5050XM-08L-RBN(国内中性)V2.0,313202553,无经销型号,
ID5050XM系列V2.0,MV-ID5050XM-12L-RBN(国内标配)V2.0,313202294,无经销型号,
ID5050XM系列V2.0,MV-ID5050XM-12L-RBN(国内中性)V2.0,313202557,无经销型号,
ID5050XM系列V2.0,MV-ID5050XM-16L-RBN(国内标配)V2.0,313202295,无经销型号,
ID5050XM系列V2.0,MV-ID5050XM-16L-RBN(国内中性)V2.0,313202555,无经销型号,
ID5050XM系列V2.0,MV-ID5050XM-00C-NNN(国内标配),313202673,无经销型号,
ID5050XM系列V2.0,MV-ID5050XM-00C-NNN(国内中性),313202674,无经销型号,
ID5050XM系列V2.0,MV-ID5050XM-08M-XBN(国内标配),313202951,无经销型号,
ID5050XM系列V2.0,MV-ID5050XM-08M-XBN(国内中性),313203201,无经销型号,
ID5050XM系列V2.0,MV-ID5050XM-16M-BVS(国内标配),313203301,无经销型号,
ID5050XM系列V2.0,MV-ID5050XM-16M-BVS(国内中性),313203302,无经销型号,
ID5050XM系列V2.0,MV-ID5050XM-25M-BVS(国内标配),313203303,无经销型号,
ID5050XM系列V2.0,MV-ID5050XM-25M-BVS(国内中性),313203304,无经销型号,
ID5120XM系列,MV-ID5120XM-00C-NNN(国内标配),313202675,无经销型号,
ID5120XM系列,MV-ID5120XM-00C-NNN(国内中性),313202676,无经销型号,
ID5120RM系列,MV-ID5120RM-08M-RBN(国内标配),313202900,无经销型号,
ID5120RM系列,MV-ID5120RM-08M-RBN(国内中性),313202990,无经销型号,
ID5120RM系列,MV-ID5120RM-12M-RBN(国内标配),313202901,无经销型号,
ID5120RM系列,MV-ID5120RM-12M-RBN(国内中性),313202996,无经销型号,
ID5120RM系列,MV-ID5120RM-16M-RBN(国内标配),313202902,无经销型号,
ID5120RM系列,MV-ID5120RM-16M-RBN(国内中性),313203002,无经销型号,
ID5120RM系列,MV-ID5120RM-25M-RBN(国内标配),313202903,无经销型号,
ID5120RM系列,MV-ID5120RM-25M-RBN(国内中性),313203005,无经销型号,
ID5120RM系列,MV-ID5120RM-08L-RBN(国内标配),313202904,无经销型号,
ID5120RM系列,MV-ID5120RM-08L-RBN(国内中性),313202954,无经销型号,
ID5120RM系列,MV-ID5120RM-12L-RBN(国内标配),313202905,无经销型号,
ID5120RM系列,MV-ID5120RM-12L-RBN(国内中性),313202993,无经销型号,
ID5120RM系列,MV-ID5120RM-16L-RBN(国内标配),313202906,无经销型号,
ID5120RM系列,MV-ID5120RM-16L-RBN(国内中性),313202999,无经销型号,
ID5120RM系列,MV-ID5120RM-00C-NNN(国内标配),313202899,无经销型号,
ID5120RM系列,MV-ID5120RM-00C-NNN(国内中性),313203343,无经销型号,
